Datum,Jahr,Monat,Monatsnummer,Branchencode,Branche,Eroeffnet,Mangels_Masse_Abgewiesen,Gesamt
2020-01,2020,Januar,1,WZ08-A,"Land- und Forstwirtschaft, Fischerei",11.0,1.0,12.0
2020-01,2020,Januar,1,WZ08-B,Bergbau und Gewinnung von Steinen und Erden,,1.0,
2020-01,2020,Januar,1,WZ08-C,Verarbeitendes Gewerbe,139.0,20.0,159.0
2020-01,2020,Januar,1,WZ08-D,Energieversorgung,2.0,,
2020-01,2020,Januar,1,WZ08-E,"Wasserversorg.,Entsorg.,Beseitig.v.Umweltverschm.",1.0,3.0,4.0
2020-01,2020,Januar,1,WZ08-F,Baugewerbe,183.0,64.0,247.0
2020-01,2020,Januar,1,WZ08-G,"Handel, Instandhaltung und Reparatur von Kfz",205.0,70.0,275.0
2020-01,2020,Januar,1,WZ08-H,Verkehr und Lagerei,94.0,30.0,124.0
2020-01,2020,Januar,1,WZ08-I,Gastgewerbe,136.0,49.0,185.0
2020-01,2020,Januar,1,WZ08-J,Information und Kommunikation,29.0,27.0,56.0
2020-01,2020,Januar,1,WZ08-K,Erbringung v. Finanz- u. Versicherungsdienstleist.,14.0,7.0,21.0
2020-01,2020,Januar,1,WZ08-L,Grundstücks- und Wohnungswesen,29.0,19.0,48.0
2020-01,2020,Januar,1,WZ08-M,"Freiberufliche, wiss. u. techn. Dienstleistungen",105.0,65.0,170.0
2020-01,2020,Januar,1,WZ08-N,Sonstige wirtschaftliche Dienstleistungen,105.0,47.0,152.0
2020-01,2020,Januar,1,WZ08-O,"Öff. Verwaltung, Verteidigung, Sozialversicherung",,,
2020-01,2020,Januar,1,WZ08-P,Erziehung und Unterricht,16.0,3.0,19.0
2020-01,2020,Januar,1,WZ08-Q,Gesundheits- und Sozialwesen,25.0,5.0,30.0
2020-01,2020,Januar,1,WZ08-R,"Kunst, Unterhaltung und Erholung",27.0,5.0,32.0
2020-01,2020,Januar,1,WZ08-S,Erbringung von sonstigen Dienstleistungen,54.0,18.0,72.0
2020-02,2020,Februar,2,WZ08-A,"Land- und Forstwirtschaft, Fischerei",8.0,,
2020-02,2020,Februar,2,WZ08-B,Bergbau und Gewinnung von Steinen und Erden,,,
2020-02,2020,Februar,2,WZ08-C,Verarbeitendes Gewerbe,111.0,16.0,127.0
2020-02,2020,Februar,2,WZ08-D,Energieversorgung,3.0,2.0,5.0
2020-02,2020,Februar,2,WZ08-E,"Wasserversorg.,Entsorg.,Beseitig.v.Umweltverschm.",2.0,,
2020-02,2020,Februar,2,WZ08-F,Baugewerbe,159.0,67.0,226.0
2020-02,2020,Februar,2,WZ08-G,"Handel, Instandhaltung und Reparatur von Kfz",183.0,72.0,255.0
2020-02,2020,Februar,2,WZ08-H,Verkehr und Lagerei,95.0,26.0,121.0
2020-02,2020,Februar,2,WZ08-I,Gastgewerbe,127.0,40.0,167.0
2020-02,2020,Februar,2,WZ08-J,Information und Kommunikation,37.0,14.0,51.0
2020-02,2020,Februar,2,WZ08-K,Erbringung v. Finanz- u. Versicherungsdienstleist.,18.0,13.0,31.0
2020-02,2020,Februar,2,WZ08-L,Grundstücks- und Wohnungswesen,29.0,16.0,45.0
2020-02,2020,Februar,2,WZ08-M,"Freiberufliche, wiss. u. techn. Dienstleistungen",109.0,66.0,175.0
2020-02,2020,Februar,2,WZ08-N,Sonstige wirtschaftliche Dienstleistungen,130.0,47.0,177.0
2020-02,2020,Februar,2,WZ08-O,"Öff. Verwaltung, Verteidigung, Sozialversicherung",,,
2020-02,2020,Februar,2,WZ08-P,Erziehung und Unterricht,16.0,4.0,20.0
2020-02,2020,Februar,2,WZ08-Q,Gesundheits- und Sozialwesen,22.0,2.0,24.0
2020-02,2020,Februar,2,WZ08-R,"Kunst, Unterhaltung und Erholung",22.0,8.0,30.0
2020-02,2020,Februar,2,WZ08-S,Erbringung von sonstigen Dienstleistungen,49.0,16.0,65.0
2020-03,2020,März,3,WZ08-A,"Land- und Forstwirtschaft, Fischerei",8.0,1.0,9.0
2020-03,2020,März,3,WZ08-B,Bergbau und Gewinnung von Steinen und Erden,,,
2020-03,2020,März,3,WZ08-C,Verarbeitendes Gewerbe,117.0,19.0,136.0
2020-03,2020,März,3,WZ08-D,Energieversorgung,8.0,5.0,13.0
2020-03,2020,März,3,WZ08-E,"Wasserversorg.,Entsorg.,Beseitig.v.Umweltverschm.",3.0,2.0,5.0
2020-03,2020,März,3,WZ08-F,Baugewerbe,205.0,83.0,288.0
2020-03,2020,März,3,WZ08-G,"Handel, Instandhaltung und Reparatur von Kfz",179.0,79.0,258.0
2020-03,2020,März,3,WZ08-H,Verkehr und Lagerei,91.0,22.0,113.0
2020-03,2020,März,3,WZ08-I,Gastgewerbe,120.0,42.0,162.0
2020-03,2020,März,3,WZ08-J,Information und Kommunikation,37.0,16.0,53.0
2020-03,2020,März,3,WZ08-K,Erbringung v. Finanz- u. Versicherungsdienstleist.,17.0,16.0,33.0
2020-03,2020,März,3,WZ08-L,Grundstücks- und Wohnungswesen,24.0,17.0,41.0
2020-03,2020,März,3,WZ08-M,"Freiberufliche, wiss. u. techn. Dienstleistungen",90.0,55.0,145.0
2020-03,2020,März,3,WZ08-N,Sonstige wirtschaftliche Dienstleistungen,123.0,50.0,173.0
2020-03,2020,März,3,WZ08-O,"Öff. Verwaltung, Verteidigung, Sozialversicherung",,,
2020-03,2020,März,3,WZ08-P,Erziehung und Unterricht,9.0,3.0,12.0
2020-03,2020,März,3,WZ08-Q,Gesundheits- und Sozialwesen,21.0,8.0,29.0
2020-03,2020,März,3,WZ08-R,"Kunst, Unterhaltung und Erholung",18.0,4.0,22.0
2020-03,2020,März,3,WZ08-S,Erbringung von sonstigen Dienstleistungen,35.0,18.0,53.0
2020-04,2020,April,4,WZ08-A,"Land- und Forstwirtschaft, Fischerei",8.0,3.0,11.0
2020-04,2020,April,4,WZ08-B,Bergbau und Gewinnung von Steinen und Erden,1.0,,
2020-04,2020,April,4,WZ08-C,Verarbeitendes Gewerbe,129.0,19.0,148.0
2020-04,2020,April,4,WZ08-D,Energieversorgung,4.0,4.0,8.0
2020-04,2020,April,4,WZ08-E,"Wasserversorg.,Entsorg.,Beseitig.v.Umweltverschm.",1.0,,
2020-04,2020,April,4,WZ08-F,Baugewerbe,175.0,74.0,249.0
2020-04,2020,April,4,WZ08-G,"Handel, Instandhaltung und Reparatur von Kfz",168.0,63.0,231.0
2020-04,2020,April,4,WZ08-H,Verkehr und Lagerei,87.0,20.0,107.0
2020-04,2020,April,4,WZ08-I,Gastgewerbe,102.0,57.0,159.0
2020-04,2020,April,4,WZ08-J,Information und Kommunikation,30.0,17.0,47.0
2020-04,2020,April,4,WZ08-K,Erbringung v. Finanz- u. Versicherungsdienstleist.,19.0,10.0,29.0
2020-04,2020,April,4,WZ08-L,Grundstücks- und Wohnungswesen,25.0,15.0,40.0
2020-04,2020,April,4,WZ08-M,"Freiberufliche, wiss. u. techn. Dienstleistungen",99.0,64.0,163.0
2020-04,2020,April,4,WZ08-N,Sonstige wirtschaftliche Dienstleistungen,107.0,38.0,145.0
2020-04,2020,April,4,WZ08-O,"Öff. Verwaltung, Verteidigung, Sozialversicherung",,,
2020-04,2020,April,4,WZ08-P,Erziehung und Unterricht,8.0,,
2020-04,2020,April,4,WZ08-Q,Gesundheits- und Sozialwesen,27.0,7.0,34.0
2020-04,2020,April,4,WZ08-R,"Kunst, Unterhaltung und Erholung",22.0,10.0,32.0
2020-04,2020,April,4,WZ08-S,Erbringung von sonstigen Dienstleistungen,28.0,24.0,52.0
2020-05,2020,Mai,5,WZ08-A,"Land- und Forstwirtschaft, Fischerei",4.0,3.0,7.0
2020-05,2020,Mai,5,WZ08-B,Bergbau und Gewinnung von Steinen und Erden,,,
2020-05,2020,Mai,5,WZ08-C,Verarbeitendes Gewerbe,126.0,19.0,145.0
2020-05,2020,Mai,5,WZ08-D,Energieversorgung,5.0,5.0,10.0
2020-05,2020,Mai,5,WZ08-E,"Wasserversorg.,Entsorg.,Beseitig.v.Umweltverschm.",5.0,1.0,6.0
2020-05,2020,Mai,5,WZ08-F,Baugewerbe,150.0,85.0,235.0
2020-05,2020,Mai,5,WZ08-G,"Handel, Instandhaltung und Reparatur von Kfz",175.0,72.0,247.0
2020-05,2020,Mai,5,WZ08-H,Verkehr und Lagerei,96.0,25.0,121.0
2020-05,2020,Mai,5,WZ08-I,Gastgewerbe,121.0,43.0,164.0
2020-05,2020,Mai,5,WZ08-J,Information und Kommunikation,35.0,12.0,47.0
2020-05,2020,Mai,5,WZ08-K,Erbringung v. Finanz- u. Versicherungsdienstleist.,23.0,15.0,38.0
2020-05,2020,Mai,5,WZ08-L,Grundstücks- und Wohnungswesen,28.0,13.0,41.0
2020-05,2020,Mai,5,WZ08-M,"Freiberufliche, wiss. u. techn. Dienstleistungen",103.0,65.0,168.0
2020-05,2020,Mai,5,WZ08-N,Sonstige wirtschaftliche Dienstleistungen,92.0,45.0,137.0
2020-05,2020,Mai,5,WZ08-O,"Öff. Verwaltung, Verteidigung, Sozialversicherung",,,
2020-05,2020,Mai,5,WZ08-P,Erziehung und Unterricht,11.0,8.0,19.0
2020-05,2020,Mai,5,WZ08-Q,Gesundheits- und Sozialwesen,24.0,6.0,30.0
2020-05,2020,Mai,5,WZ08-R,"Kunst, Unterhaltung und Erholung",17.0,8.0,25.0
2020-05,2020,Mai,5,WZ08-S,Erbringung von sonstigen Dienstleistungen,43.0,21.0,64.0
2020-06,2020,Juni,6,WZ08-A,"Land- und Forstwirtschaft, Fischerei",8.0,2.0,10.0
2020-06,2020,Juni,6,WZ08-B,Bergbau und Gewinnung von Steinen und Erden,1.0,,
2020-06,2020,Juni,6,WZ08-C,Verarbeitendes Gewerbe,84.0,13.0,97.0
2020-06,2020,Juni,6,WZ08-D,Energieversorgung,4.0,,
2020-06,2020,Juni,6,WZ08-E,"Wasserversorg.,Entsorg.,Beseitig.v.Umweltverschm.",3.0,4.0,7.0
2020-06,2020,Juni,6,WZ08-F,Baugewerbe,147.0,70.0,217.0
2020-06,2020,Juni,6,WZ08-G,"Handel, Instandhaltung und Reparatur von Kfz",145.0,74.0,219.0
2020-06,2020,Juni,6,WZ08-H,Verkehr und Lagerei,42.0,24.0,66.0
2020-06,2020,Juni,6,WZ08-I,Gastgewerbe,124.0,43.0,167.0
2020-06,2020,Juni,6,WZ08-J,Information und Kommunikation,31.0,10.0,41.0
2020-06,2020,Juni,6,WZ08-K,Erbringung v. Finanz- u. Versicherungsdienstleist.,21.0,13.0,34.0
2020-06,2020,Juni,6,WZ08-L,Grundstücks- und Wohnungswesen,14.0,22.0,36.0
2020-06,2020,Juni,6,WZ08-M,"Freiberufliche, wiss. u. techn. Dienstleistungen",92.0,61.0,153.0
2020-06,2020,Juni,6,WZ08-N,Sonstige wirtschaftliche Dienstleistungen,118.0,40.0,158.0
2020-06,2020,Juni,6,WZ08-O,"Öff. Verwaltung, Verteidigung, Sozialversicherung",,,
2020-06,2020,Juni,6,WZ08-P,Erziehung und Unterricht,10.0,2.0,12.0
2020-06,2020,Juni,6,WZ08-Q,Gesundheits- und Sozialwesen,17.0,5.0,22.0
2020-06,2020,Juni,6,WZ08-R,"Kunst, Unterhaltung und Erholung",22.0,15.0,37.0
2020-06,2020,Juni,6,WZ08-S,Erbringung von sonstigen Dienstleistungen,50.0,23.0,73.0
2020-07,2020,Juli,7,WZ08-A,"Land- und Forstwirtschaft, Fischerei",6.0,3.0,9.0
2020-07,2020,Juli,7,WZ08-B,Bergbau und Gewinnung von Steinen und Erden,,,
2020-07,2020,Juli,7,WZ08-C,Verarbeitendes Gewerbe,86.0,23.0,109.0
2020-07,2020,Juli,7,WZ08-D,Energieversorgung,3.0,1.0,4.0
2020-07,2020,Juli,7,WZ08-E,"Wasserversorg.,Entsorg.,Beseitig.v.Umweltverschm.",,,
2020-07,2020,Juli,7,WZ08-F,Baugewerbe,136.0,68.0,204.0
2020-07,2020,Juli,7,WZ08-G,"Handel, Instandhaltung und Reparatur von Kfz",153.0,75.0,228.0
2020-07,2020,Juli,7,WZ08-H,Verkehr und Lagerei,73.0,33.0,106.0
2020-07,2020,Juli,7,WZ08-I,Gastgewerbe,102.0,52.0,154.0
2020-07,2020,Juli,7,WZ08-J,Information und Kommunikation,21.0,10.0,31.0
2020-07,2020,Juli,7,WZ08-K,Erbringung v. Finanz- u. Versicherungsdienstleist.,19.0,20.0,39.0
2020-07,2020,Juli,7,WZ08-L,Grundstücks- und Wohnungswesen,23.0,19.0,42.0
2020-07,2020,Juli,7,WZ08-M,"Freiberufliche, wiss. u. techn. Dienstleistungen",115.0,67.0,182.0
2020-07,2020,Juli,7,WZ08-N,Sonstige wirtschaftliche Dienstleistungen,103.0,36.0,139.0
2020-07,2020,Juli,7,WZ08-O,"Öff. Verwaltung, Verteidigung, Sozialversicherung",,,
2020-07,2020,Juli,7,WZ08-P,Erziehung und Unterricht,4.0,4.0,8.0
2020-07,2020,Juli,7,WZ08-Q,Gesundheits- und Sozialwesen,29.0,3.0,32.0
2020-07,2020,Juli,7,WZ08-R,"Kunst, Unterhaltung und Erholung",19.0,14.0,33.0
2020-07,2020,Juli,7,WZ08-S,Erbringung von sonstigen Dienstleistungen,39.0,10.0,49.0
2020-08,2020,August,8,WZ08-A,"Land- und Forstwirtschaft, Fischerei",4.0,3.0,7.0
2020-08,2020,August,8,WZ08-B,Bergbau und Gewinnung von Steinen und Erden,2.0,,
2020-08,2020,August,8,WZ08-C,Verarbeitendes Gewerbe,60.0,14.0,74.0
2020-08,2020,August,8,WZ08-D,Energieversorgung,5.0,2.0,7.0
2020-08,2020,August,8,WZ08-E,"Wasserversorg.,Entsorg.,Beseitig.v.Umweltverschm.",3.0,,
2020-08,2020,August,8,WZ08-F,Baugewerbe,114.0,59.0,173.0
2020-08,2020,August,8,WZ08-G,"Handel, Instandhaltung und Reparatur von Kfz",101.0,64.0,165.0
2020-08,2020,August,8,WZ08-H,Verkehr und Lagerei,36.0,20.0,56.0
2020-08,2020,August,8,WZ08-I,Gastgewerbe,71.0,52.0,123.0
2020-08,2020,August,8,WZ08-J,Information und Kommunikation,23.0,11.0,34.0
2020-08,2020,August,8,WZ08-K,Erbringung v. Finanz- u. Versicherungsdienstleist.,21.0,10.0,31.0
2020-08,2020,August,8,WZ08-L,Grundstücks- und Wohnungswesen,18.0,13.0,31.0
2020-08,2020,August,8,WZ08-M,"Freiberufliche, wiss. u. techn. Dienstleistungen",56.0,47.0,103.0
2020-08,2020,August,8,WZ08-N,Sonstige wirtschaftliche Dienstleistungen,81.0,48.0,129.0
2020-08,2020,August,8,WZ08-O,"Öff. Verwaltung, Verteidigung, Sozialversicherung",,,
2020-08,2020,August,8,WZ08-P,Erziehung und Unterricht,5.0,5.0,10.0
2020-08,2020,August,8,WZ08-Q,Gesundheits- und Sozialwesen,23.0,6.0,29.0
2020-08,2020,August,8,WZ08-R,"Kunst, Unterhaltung und Erholung",11.0,11.0,22.0
2020-08,2020,August,8,WZ08-S,Erbringung von sonstigen Dienstleistungen,31.0,21.0,52.0
2020-09,2020,September,9,WZ08-A,"Land- und Forstwirtschaft, Fischerei",7.0,1.0,8.0
2020-09,2020,September,9,WZ08-B,Bergbau und Gewinnung von Steinen und Erden,,,
2020-09,2020,September,9,WZ08-C,Verarbeitendes Gewerbe,80.0,15.0,95.0
2020-09,2020,September,9,WZ08-D,Energieversorgung,3.0,1.0,4.0
2020-09,2020,September,9,WZ08-E,"Wasserversorg.,Entsorg.,Beseitig.v.Umweltverschm.",2.0,5.0,7.0
2020-09,2020,September,9,WZ08-F,Baugewerbe,98.0,50.0,148.0
2020-09,2020,September,9,WZ08-G,"Handel, Instandhaltung und Reparatur von Kfz",97.0,45.0,142.0
2020-09,2020,September,9,WZ08-H,Verkehr und Lagerei,54.0,19.0,73.0
2020-09,2020,September,9,WZ08-I,Gastgewerbe,86.0,38.0,124.0
2020-09,2020,September,9,WZ08-J,Information und Kommunikation,26.0,9.0,35.0
2020-09,2020,September,9,WZ08-K,Erbringung v. Finanz- u. Versicherungsdienstleist.,13.0,13.0,26.0
2020-09,2020,September,9,WZ08-L,Grundstücks- und Wohnungswesen,26.0,13.0,39.0
2020-09,2020,September,9,WZ08-M,"Freiberufliche, wiss. u. techn. Dienstleistungen",63.0,48.0,111.0
2020-09,2020,September,9,WZ08-N,Sonstige wirtschaftliche Dienstleistungen,94.0,43.0,137.0
2020-09,2020,September,9,WZ08-O,"Öff. Verwaltung, Verteidigung, Sozialversicherung",,,
2020-09,2020,September,9,WZ08-P,Erziehung und Unterricht,9.0,,
2020-09,2020,September,9,WZ08-Q,Gesundheits- und Sozialwesen,19.0,2.0,21.0
2020-09,2020,September,9,WZ08-R,"Kunst, Unterhaltung und Erholung",19.0,14.0,33.0
2020-09,2020,September,9,WZ08-S,Erbringung von sonstigen Dienstleistungen,35.0,18.0,53.0
2020-10,2020,Oktober,10,WZ08-A,"Land- und Forstwirtschaft, Fischerei",6.0,1.0,7.0
2020-10,2020,Oktober,10,WZ08-B,Bergbau und Gewinnung von Steinen und Erden,,,
2020-10,2020,Oktober,10,WZ08-C,Verarbeitendes Gewerbe,85.0,12.0,97.0
2020-10,2020,Oktober,10,WZ08-D,Energieversorgung,3.0,2.0,5.0
2020-10,2020,Oktober,10,WZ08-E,"Wasserversorg.,Entsorg.,Beseitig.v.Umweltverschm.",1.0,3.0,4.0
2020-10,2020,Oktober,10,WZ08-F,Baugewerbe,102.0,68.0,170.0
2020-10,2020,Oktober,10,WZ08-G,"Handel, Instandhaltung und Reparatur von Kfz",82.0,52.0,134.0
2020-10,2020,Oktober,10,WZ08-H,Verkehr und Lagerei,41.0,22.0,63.0
2020-10,2020,Oktober,10,WZ08-I,Gastgewerbe,86.0,34.0,120.0
2020-10,2020,Oktober,10,WZ08-J,Information und Kommunikation,20.0,14.0,34.0
2020-10,2020,Oktober,10,WZ08-K,Erbringung v. Finanz- u. Versicherungsdienstleist.,14.0,13.0,27.0
2020-10,2020,Oktober,10,WZ08-L,Grundstücks- und Wohnungswesen,17.0,8.0,25.0
2020-10,2020,Oktober,10,WZ08-M,"Freiberufliche, wiss. u. techn. Dienstleistungen",72.0,45.0,117.0
2020-10,2020,Oktober,10,WZ08-N,Sonstige wirtschaftliche Dienstleistungen,88.0,46.0,134.0
2020-10,2020,Oktober,10,WZ08-O,"Öff. Verwaltung, Verteidigung, Sozialversicherung",,,
2020-10,2020,Oktober,10,WZ08-P,Erziehung und Unterricht,5.0,5.0,10.0
2020-10,2020,Oktober,10,WZ08-Q,Gesundheits- und Sozialwesen,24.0,6.0,30.0
2020-10,2020,Oktober,10,WZ08-R,"Kunst, Unterhaltung und Erholung",14.0,9.0,23.0
2020-10,2020,Oktober,10,WZ08-S,Erbringung von sonstigen Dienstleistungen,56.0,28.0,84.0
2020-11,2020,November,11,WZ08-A,"Land- und Forstwirtschaft, Fischerei",6.0,1.0,7.0
2020-11,2020,November,11,WZ08-B,Bergbau und Gewinnung von Steinen und Erden,1.0,,
2020-11,2020,November,11,WZ08-C,Verarbeitendes Gewerbe,62.0,11.0,73.0
2020-11,2020,November,11,WZ08-D,Energieversorgung,3.0,,
2020-11,2020,November,11,WZ08-E,"Wasserversorg.,Entsorg.,Beseitig.v.Umweltverschm.",3.0,1.0,4.0
2020-11,2020,November,11,WZ08-F,Baugewerbe,104.0,58.0,162.0
2020-11,2020,November,11,WZ08-G,"Handel, Instandhaltung und Reparatur von Kfz",104.0,50.0,154.0
2020-11,2020,November,11,WZ08-H,Verkehr und Lagerei,56.0,10.0,66.0
2020-11,2020,November,11,WZ08-I,Gastgewerbe,94.0,37.0,131.0
2020-11,2020,November,11,WZ08-J,Information und Kommunikation,19.0,12.0,31.0
2020-11,2020,November,11,WZ08-K,Erbringung v. Finanz- u. Versicherungsdienstleist.,20.0,11.0,31.0
2020-11,2020,November,11,WZ08-L,Grundstücks- und Wohnungswesen,19.0,8.0,27.0
2020-11,2020,November,11,WZ08-M,"Freiberufliche, wiss. u. techn. Dienstleistungen",72.0,50.0,122.0
2020-11,2020,November,11,WZ08-N,Sonstige wirtschaftliche Dienstleistungen,68.0,41.0,109.0
2020-11,2020,November,11,WZ08-O,"Öff. Verwaltung, Verteidigung, Sozialversicherung",,,
2020-11,2020,November,11,WZ08-P,Erziehung und Unterricht,7.0,5.0,12.0
2020-11,2020,November,11,WZ08-Q,Gesundheits- und Sozialwesen,17.0,5.0,22.0
2020-11,2020,November,11,WZ08-R,"Kunst, Unterhaltung und Erholung",23.0,11.0,34.0
2020-11,2020,November,11,WZ08-S,Erbringung von sonstigen Dienstleistungen,36.0,21.0,57.0
2020-12,2020,Dezember,12,WZ08-A,"Land- und Forstwirtschaft, Fischerei",6.0,1.0,7.0
2020-12,2020,Dezember,12,WZ08-B,Bergbau und Gewinnung von Steinen und Erden,,,
2020-12,2020,Dezember,12,WZ08-C,Verarbeitendes Gewerbe,109.0,12.0,121.0
2020-12,2020,Dezember,12,WZ08-D,Energieversorgung,9.0,3.0,12.0
2020-12,2020,Dezember,12,WZ08-E,"Wasserversorg.,Entsorg.,Beseitig.v.Umweltverschm.",3.0,2.0,5.0
2020-12,2020,Dezember,12,WZ08-F,Baugewerbe,120.0,60.0,180.0
2020-12,2020,Dezember,12,WZ08-G,"Handel, Instandhaltung und Reparatur von Kfz",103.0,55.0,158.0
2020-12,2020,Dezember,12,WZ08-H,Verkehr und Lagerei,63.0,21.0,84.0
2020-12,2020,Dezember,12,WZ08-I,Gastgewerbe,83.0,35.0,118.0
2020-12,2020,Dezember,12,WZ08-J,Information und Kommunikation,28.0,14.0,42.0
2020-12,2020,Dezember,12,WZ08-K,Erbringung v. Finanz- u. Versicherungsdienstleist.,25.0,6.0,31.0
2020-12,2020,Dezember,12,WZ08-L,Grundstücks- und Wohnungswesen,29.0,7.0,36.0
2020-12,2020,Dezember,12,WZ08-M,"Freiberufliche, wiss. u. techn. Dienstleistungen",89.0,56.0,145.0
2020-12,2020,Dezember,12,WZ08-N,Sonstige wirtschaftliche Dienstleistungen,85.0,44.0,129.0
2020-12,2020,Dezember,12,WZ08-O,"Öff. Verwaltung, Verteidigung, Sozialversicherung",,,
2020-12,2020,Dezember,12,WZ08-P,Erziehung und Unterricht,14.0,1.0,15.0
2020-12,2020,Dezember,12,WZ08-Q,Gesundheits- und Sozialwesen,31.0,3.0,34.0
2020-12,2020,Dezember,12,WZ08-R,"Kunst, Unterhaltung und Erholung",35.0,7.0,42.0
2020-12,2020,Dezember,12,WZ08-S,Erbringung von sonstigen Dienstleistungen,43.0,17.0,60.0
2021-01,2021,Januar,1,WZ08-A,"Land- und Forstwirtschaft, Fischerei",4.0,2.0,6.0
2021-01,2021,Januar,1,WZ08-B,Bergbau und Gewinnung von Steinen und Erden,,,
2021-01,2021,Januar,1,WZ08-C,Verarbeitendes Gewerbe,74.0,13.0,87.0
2021-01,2021,Januar,1,WZ08-D,Energieversorgung,,,
2021-01,2021,Januar,1,WZ08-E,"Wasserversorg.,Entsorg.,Beseitig.v.Umweltverschm.",3.0,1.0,4.0
2021-01,2021,Januar,1,WZ08-F,Baugewerbe,104.0,46.0,150.0
2021-01,2021,Januar,1,WZ08-G,"Handel, Instandhaltung und Reparatur von Kfz",105.0,61.0,166.0
2021-01,2021,Januar,1,WZ08-H,Verkehr und Lagerei,63.0,29.0,92.0
2021-01,2021,Januar,1,WZ08-I,Gastgewerbe,92.0,47.0,139.0
2021-01,2021,Januar,1,WZ08-J,Information und Kommunikation,29.0,11.0,40.0
2021-01,2021,Januar,1,WZ08-K,Erbringung v. Finanz- u. Versicherungsdienstleist.,18.0,10.0,28.0
2021-01,2021,Januar,1,WZ08-L,Grundstücks- und Wohnungswesen,13.0,14.0,27.0
2021-01,2021,Januar,1,WZ08-M,"Freiberufliche, wiss. u. techn. Dienstleistungen",71.0,49.0,120.0
2021-01,2021,Januar,1,WZ08-N,Sonstige wirtschaftliche Dienstleistungen,80.0,39.0,119.0
2021-01,2021,Januar,1,WZ08-O,"Öff. Verwaltung, Verteidigung, Sozialversicherung",,,
2021-01,2021,Januar,1,WZ08-P,Erziehung und Unterricht,10.0,2.0,12.0
2021-01,2021,Januar,1,WZ08-Q,Gesundheits- und Sozialwesen,18.0,4.0,22.0
2021-01,2021,Januar,1,WZ08-R,"Kunst, Unterhaltung und Erholung",15.0,8.0,23.0
2021-01,2021,Januar,1,WZ08-S,Erbringung von sonstigen Dienstleistungen,42.0,31.0,73.0
2021-02,2021,Februar,2,WZ08-A,"Land- und Forstwirtschaft, Fischerei",9.0,3.0,12.0
2021-02,2021,Februar,2,WZ08-B,Bergbau und Gewinnung von Steinen und Erden,,,
2021-02,2021,Februar,2,WZ08-C,Verarbeitendes Gewerbe,77.0,8.0,85.0
2021-02,2021,Februar,2,WZ08-D,Energieversorgung,5.0,3.0,8.0
2021-02,2021,Februar,2,WZ08-E,"Wasserversorg.,Entsorg.,Beseitig.v.Umweltverschm.",2.0,,
2021-02,2021,Februar,2,WZ08-F,Baugewerbe,133.0,61.0,194.0
2021-02,2021,Februar,2,WZ08-G,"Handel, Instandhaltung und Reparatur von Kfz",129.0,62.0,191.0
2021-02,2021,Februar,2,WZ08-H,Verkehr und Lagerei,61.0,20.0,81.0
2021-02,2021,Februar,2,WZ08-I,Gastgewerbe,87.0,30.0,117.0
2021-02,2021,Februar,2,WZ08-J,Information und Kommunikation,27.0,13.0,40.0
2021-02,2021,Februar,2,WZ08-K,Erbringung v. Finanz- u. Versicherungsdienstleist.,22.0,15.0,37.0
2021-02,2021,Februar,2,WZ08-L,Grundstücks- und Wohnungswesen,24.0,13.0,37.0
2021-02,2021,Februar,2,WZ08-M,"Freiberufliche, wiss. u. techn. Dienstleistungen",72.0,47.0,119.0
2021-02,2021,Februar,2,WZ08-N,Sonstige wirtschaftliche Dienstleistungen,93.0,40.0,133.0
2021-02,2021,Februar,2,WZ08-O,"Öff. Verwaltung, Verteidigung, Sozialversicherung",,,
2021-02,2021,Februar,2,WZ08-P,Erziehung und Unterricht,13.0,1.0,14.0
2021-02,2021,Februar,2,WZ08-Q,Gesundheits- und Sozialwesen,24.0,1.0,25.0
2021-02,2021,Februar,2,WZ08-R,"Kunst, Unterhaltung und Erholung",23.0,5.0,28.0
2021-02,2021,Februar,2,WZ08-S,Erbringung von sonstigen Dienstleistungen,46.0,26.0,72.0
2021-03,2021,März,3,WZ08-A,"Land- und Forstwirtschaft, Fischerei",14.0,,
2021-03,2021,März,3,WZ08-B,Bergbau und Gewinnung von Steinen und Erden,1.0,,
2021-03,2021,März,3,WZ08-C,Verarbeitendes Gewerbe,82.0,24.0,106.0
2021-03,2021,März,3,WZ08-D,Energieversorgung,5.0,,
2021-03,2021,März,3,WZ08-E,"Wasserversorg.,Entsorg.,Beseitig.v.Umweltverschm.",4.0,,
2021-03,2021,März,3,WZ08-F,Baugewerbe,203.0,61.0,264.0
2021-03,2021,März,3,WZ08-G,"Handel, Instandhaltung und Reparatur von Kfz",144.0,55.0,199.0
2021-03,2021,März,3,WZ08-H,Verkehr und Lagerei,86.0,19.0,105.0
2021-03,2021,März,3,WZ08-I,Gastgewerbe,112.0,47.0,159.0
2021-03,2021,März,3,WZ08-J,Information und Kommunikation,28.0,14.0,42.0
2021-03,2021,März,3,WZ08-K,Erbringung v. Finanz- u. Versicherungsdienstleist.,17.0,15.0,32.0
2021-03,2021,März,3,WZ08-L,Grundstücks- und Wohnungswesen,27.0,10.0,37.0
2021-03,2021,März,3,WZ08-M,"Freiberufliche, wiss. u. techn. Dienstleistungen",107.0,56.0,163.0
2021-03,2021,März,3,WZ08-N,Sonstige wirtschaftliche Dienstleistungen,115.0,32.0,147.0
2021-03,2021,März,3,WZ08-O,"Öff. Verwaltung, Verteidigung, Sozialversicherung",,,
2021-03,2021,März,3,WZ08-P,Erziehung und Unterricht,17.0,,
2021-03,2021,März,3,WZ08-Q,Gesundheits- und Sozialwesen,29.0,6.0,35.0
2021-03,2021,März,3,WZ08-R,"Kunst, Unterhaltung und Erholung",25.0,12.0,37.0
2021-03,2021,März,3,WZ08-S,Erbringung von sonstigen Dienstleistungen,70.0,22.0,92.0
2021-04,2021,April,4,WZ08-A,"Land- und Forstwirtschaft, Fischerei",8.0,,
2021-04,2021,April,4,WZ08-B,Bergbau und Gewinnung von Steinen und Erden,,,
2021-04,2021,April,4,WZ08-C,Verarbeitendes Gewerbe,100.0,8.0,108.0
2021-04,2021,April,4,WZ08-D,Energieversorgung,8.0,2.0,10.0
2021-04,2021,April,4,WZ08-E,"Wasserversorg.,Entsorg.,Beseitig.v.Umweltverschm.",1.0,1.0,2.0
2021-04,2021,April,4,WZ08-F,Baugewerbe,156.0,59.0,215.0
2021-04,2021,April,4,WZ08-G,"Handel, Instandhaltung und Reparatur von Kfz",134.0,61.0,195.0
2021-04,2021,April,4,WZ08-H,Verkehr und Lagerei,70.0,18.0,88.0
2021-04,2021,April,4,WZ08-I,Gastgewerbe,91.0,40.0,131.0
2021-04,2021,April,4,WZ08-J,Information und Kommunikation,34.0,21.0,55.0
2021-04,2021,April,4,WZ08-K,Erbringung v. Finanz- u. Versicherungsdienstleist.,16.0,14.0,30.0
2021-04,2021,April,4,WZ08-L,Grundstücks- und Wohnungswesen,23.0,19.0,42.0
2021-04,2021,April,4,WZ08-M,"Freiberufliche, wiss. u. techn. Dienstleistungen",82.0,44.0,126.0
2021-04,2021,April,4,WZ08-N,Sonstige wirtschaftliche Dienstleistungen,108.0,34.0,142.0
2021-04,2021,April,4,WZ08-O,"Öff. Verwaltung, Verteidigung, Sozialversicherung",,,
2021-04,2021,April,4,WZ08-P,Erziehung und Unterricht,18.0,5.0,23.0
2021-04,2021,April,4,WZ08-Q,Gesundheits- und Sozialwesen,43.0,4.0,47.0
2021-04,2021,April,4,WZ08-R,"Kunst, Unterhaltung und Erholung",22.0,11.0,33.0
2021-04,2021,April,4,WZ08-S,Erbringung von sonstigen Dienstleistungen,54.0,24.0,78.0
2021-05,2021,Mai,5,WZ08-A,"Land- und Forstwirtschaft, Fischerei",6.0,1.0,7.0
2021-05,2021,Mai,5,WZ08-B,Bergbau und Gewinnung von Steinen und Erden,,,
2021-05,2021,Mai,5,WZ08-C,Verarbeitendes Gewerbe,68.0,12.0,80.0
2021-05,2021,Mai,5,WZ08-D,Energieversorgung,4.0,1.0,5.0
2021-05,2021,Mai,5,WZ08-E,"Wasserversorg.,Entsorg.,Beseitig.v.Umweltverschm.",1.0,1.0,2.0
2021-05,2021,Mai,5,WZ08-F,Baugewerbe,137.0,43.0,180.0
2021-05,2021,Mai,5,WZ08-G,"Handel, Instandhaltung und Reparatur von Kfz",113.0,55.0,168.0
2021-05,2021,Mai,5,WZ08-H,Verkehr und Lagerei,53.0,25.0,78.0
2021-05,2021,Mai,5,WZ08-I,Gastgewerbe,74.0,40.0,114.0
2021-05,2021,Mai,5,WZ08-J,Information und Kommunikation,22.0,16.0,38.0
2021-05,2021,Mai,5,WZ08-K,Erbringung v. Finanz- u. Versicherungsdienstleist.,14.0,10.0,24.0
2021-05,2021,Mai,5,WZ08-L,Grundstücks- und Wohnungswesen,28.0,14.0,42.0
2021-05,2021,Mai,5,WZ08-M,"Freiberufliche, wiss. u. techn. Dienstleistungen",67.0,50.0,117.0
2021-05,2021,Mai,5,WZ08-N,Sonstige wirtschaftliche Dienstleistungen,93.0,40.0,133.0
2021-05,2021,Mai,5,WZ08-O,"Öff. Verwaltung, Verteidigung, Sozialversicherung",,,
2021-05,2021,Mai,5,WZ08-P,Erziehung und Unterricht,7.0,3.0,10.0
2021-05,2021,Mai,5,WZ08-Q,Gesundheits- und Sozialwesen,12.0,5.0,17.0
2021-05,2021,Mai,5,WZ08-R,"Kunst, Unterhaltung und Erholung",10.0,8.0,18.0
2021-05,2021,Mai,5,WZ08-S,Erbringung von sonstigen Dienstleistungen,58.0,25.0,83.0
2021-06,2021,Juni,6,WZ08-A,"Land- und Forstwirtschaft, Fischerei",7.0,1.0,8.0
2021-06,2021,Juni,6,WZ08-B,Bergbau und Gewinnung von Steinen und Erden,,,
2021-06,2021,Juni,6,WZ08-C,Verarbeitendes Gewerbe,61.0,13.0,74.0
2021-06,2021,Juni,6,WZ08-D,Energieversorgung,10.0,2.0,12.0
2021-06,2021,Juni,6,WZ08-E,"Wasserversorg.,Entsorg.,Beseitig.v.Umweltverschm.",3.0,,
2021-06,2021,Juni,6,WZ08-F,Baugewerbe,155.0,61.0,216.0
2021-06,2021,Juni,6,WZ08-G,"Handel, Instandhaltung und Reparatur von Kfz",140.0,61.0,201.0
2021-06,2021,Juni,6,WZ08-H,Verkehr und Lagerei,53.0,21.0,74.0
2021-06,2021,Juni,6,WZ08-I,Gastgewerbe,91.0,31.0,122.0
2021-06,2021,Juni,6,WZ08-J,Information und Kommunikation,24.0,9.0,33.0
2021-06,2021,Juni,6,WZ08-K,Erbringung v. Finanz- u. Versicherungsdienstleist.,24.0,4.0,28.0
2021-06,2021,Juni,6,WZ08-L,Grundstücks- und Wohnungswesen,26.0,12.0,38.0
2021-06,2021,Juni,6,WZ08-M,"Freiberufliche, wiss. u. techn. Dienstleistungen",65.0,49.0,114.0
2021-06,2021,Juni,6,WZ08-N,Sonstige wirtschaftliche Dienstleistungen,92.0,39.0,131.0
2021-06,2021,Juni,6,WZ08-O,"Öff. Verwaltung, Verteidigung, Sozialversicherung",,,
2021-06,2021,Juni,6,WZ08-P,Erziehung und Unterricht,11.0,4.0,15.0
2021-06,2021,Juni,6,WZ08-Q,Gesundheits- und Sozialwesen,22.0,6.0,28.0
2021-06,2021,Juni,6,WZ08-R,"Kunst, Unterhaltung und Erholung",19.0,14.0,33.0
2021-06,2021,Juni,6,WZ08-S,Erbringung von sonstigen Dienstleistungen,51.0,16.0,67.0
2021-07,2021,Juli,7,WZ08-A,"Land- und Forstwirtschaft, Fischerei",8.0,,
2021-07,2021,Juli,7,WZ08-B,Bergbau und Gewinnung von Steinen und Erden,,,
2021-07,2021,Juli,7,WZ08-C,Verarbeitendes Gewerbe,59.0,18.0,77.0
2021-07,2021,Juli,7,WZ08-D,Energieversorgung,5.0,3.0,8.0
2021-07,2021,Juli,7,WZ08-E,"Wasserversorg.,Entsorg.,Beseitig.v.Umweltverschm.",2.0,,
2021-07,2021,Juli,7,WZ08-F,Baugewerbe,161.0,61.0,222.0
2021-07,2021,Juli,7,WZ08-G,"Handel, Instandhaltung und Reparatur von Kfz",137.0,52.0,189.0
2021-07,2021,Juli,7,WZ08-H,Verkehr und Lagerei,53.0,23.0,76.0
2021-07,2021,Juli,7,WZ08-I,Gastgewerbe,86.0,38.0,124.0
2021-07,2021,Juli,7,WZ08-J,Information und Kommunikation,30.0,17.0,47.0
2021-07,2021,Juli,7,WZ08-K,Erbringung v. Finanz- u. Versicherungsdienstleist.,10.0,15.0,25.0
2021-07,2021,Juli,7,WZ08-L,Grundstücks- und Wohnungswesen,25.0,9.0,34.0
2021-07,2021,Juli,7,WZ08-M,"Freiberufliche, wiss. u. techn. Dienstleistungen",78.0,53.0,131.0
2021-07,2021,Juli,7,WZ08-N,Sonstige wirtschaftliche Dienstleistungen,83.0,39.0,122.0
2021-07,2021,Juli,7,WZ08-O,"Öff. Verwaltung, Verteidigung, Sozialversicherung",,,
2021-07,2021,Juli,7,WZ08-P,Erziehung und Unterricht,11.0,3.0,14.0
2021-07,2021,Juli,7,WZ08-Q,Gesundheits- und Sozialwesen,26.0,4.0,30.0
2021-07,2021,Juli,7,WZ08-R,"Kunst, Unterhaltung und Erholung",19.0,2.0,21.0
2021-07,2021,Juli,7,WZ08-S,Erbringung von sonstigen Dienstleistungen,53.0,17.0,70.0
2021-08,2021,August,8,WZ08-A,"Land- und Forstwirtschaft, Fischerei",2.0,1.0,3.0
2021-08,2021,August,8,WZ08-B,Bergbau und Gewinnung von Steinen und Erden,,,
2021-08,2021,August,8,WZ08-C,Verarbeitendes Gewerbe,47.0,17.0,64.0
2021-08,2021,August,8,WZ08-D,Energieversorgung,2.0,,
2021-08,2021,August,8,WZ08-E,"Wasserversorg.,Entsorg.,Beseitig.v.Umweltverschm.",1.0,,
2021-08,2021,August,8,WZ08-F,Baugewerbe,122.0,68.0,190.0
2021-08,2021,August,8,WZ08-G,"Handel, Instandhaltung und Reparatur von Kfz",95.0,46.0,141.0
2021-08,2021,August,8,WZ08-H,Verkehr und Lagerei,57.0,33.0,90.0
2021-08,2021,August,8,WZ08-I,Gastgewerbe,60.0,36.0,96.0
2021-08,2021,August,8,WZ08-J,Information und Kommunikation,21.0,10.0,31.0
2021-08,2021,August,8,WZ08-K,Erbringung v. Finanz- u. Versicherungsdienstleist.,21.0,7.0,28.0
2021-08,2021,August,8,WZ08-L,Grundstücks- und Wohnungswesen,42.0,15.0,57.0
2021-08,2021,August,8,WZ08-M,"Freiberufliche, wiss. u. techn. Dienstleistungen",63.0,27.0,90.0
2021-08,2021,August,8,WZ08-N,Sonstige wirtschaftliche Dienstleistungen,67.0,43.0,110.0
2021-08,2021,August,8,WZ08-O,"Öff. Verwaltung, Verteidigung, Sozialversicherung",,,
2021-08,2021,August,8,WZ08-P,Erziehung und Unterricht,8.0,3.0,11.0
2021-08,2021,August,8,WZ08-Q,Gesundheits- und Sozialwesen,24.0,5.0,29.0
2021-08,2021,August,8,WZ08-R,"Kunst, Unterhaltung und Erholung",8.0,8.0,16.0
2021-08,2021,August,8,WZ08-S,Erbringung von sonstigen Dienstleistungen,45.0,25.0,70.0
2021-09,2021,September,9,WZ08-A,"Land- und Forstwirtschaft, Fischerei",12.0,3.0,15.0
2021-09,2021,September,9,WZ08-B,Bergbau und Gewinnung von Steinen und Erden,,,
2021-09,2021,September,9,WZ08-C,Verarbeitendes Gewerbe,71.0,7.0,78.0
2021-09,2021,September,9,WZ08-D,Energieversorgung,,3.0,
2021-09,2021,September,9,WZ08-E,"Wasserversorg.,Entsorg.,Beseitig.v.Umweltverschm.",2.0,3.0,5.0
2021-09,2021,September,9,WZ08-F,Baugewerbe,142.0,48.0,190.0
2021-09,2021,September,9,WZ08-G,"Handel, Instandhaltung und Reparatur von Kfz",90.0,53.0,143.0
2021-09,2021,September,9,WZ08-H,Verkehr und Lagerei,72.0,22.0,94.0
2021-09,2021,September,9,WZ08-I,Gastgewerbe,78.0,19.0,97.0
2021-09,2021,September,9,WZ08-J,Information und Kommunikation,19.0,13.0,32.0
2021-09,2021,September,9,WZ08-K,Erbringung v. Finanz- u. Versicherungsdienstleist.,11.0,13.0,24.0
2021-09,2021,September,9,WZ08-L,Grundstücks- und Wohnungswesen,34.0,11.0,45.0
2021-09,2021,September,9,WZ08-M,"Freiberufliche, wiss. u. techn. Dienstleistungen",62.0,29.0,91.0
2021-09,2021,September,9,WZ08-N,Sonstige wirtschaftliche Dienstleistungen,73.0,31.0,104.0
2021-09,2021,September,9,WZ08-O,"Öff. Verwaltung, Verteidigung, Sozialversicherung",,,
2021-09,2021,September,9,WZ08-P,Erziehung und Unterricht,8.0,2.0,10.0
2021-09,2021,September,9,WZ08-Q,Gesundheits- und Sozialwesen,16.0,2.0,18.0
2021-09,2021,September,9,WZ08-R,"Kunst, Unterhaltung und Erholung",9.0,6.0,15.0
2021-09,2021,September,9,WZ08-S,Erbringung von sonstigen Dienstleistungen,58.0,23.0,81.0
2021-10,2021,Oktober,10,WZ08-A,"Land- und Forstwirtschaft, Fischerei",5.0,1.0,6.0
2021-10,2021,Oktober,10,WZ08-B,Bergbau und Gewinnung von Steinen und Erden,2.0,,
2021-10,2021,Oktober,10,WZ08-C,Verarbeitendes Gewerbe,63.0,7.0,70.0
2021-10,2021,Oktober,10,WZ08-D,Energieversorgung,2.0,2.0,4.0
2021-10,2021,Oktober,10,WZ08-E,"Wasserversorg.,Entsorg.,Beseitig.v.Umweltverschm.",1.0,,
2021-10,2021,Oktober,10,WZ08-F,Baugewerbe,133.0,60.0,193.0
2021-10,2021,Oktober,10,WZ08-G,"Handel, Instandhaltung und Reparatur von Kfz",108.0,52.0,160.0
2021-10,2021,Oktober,10,WZ08-H,Verkehr und Lagerei,67.0,23.0,90.0
2021-10,2021,Oktober,10,WZ08-I,Gastgewerbe,56.0,36.0,92.0
2021-10,2021,Oktober,10,WZ08-J,Information und Kommunikation,19.0,14.0,33.0
2021-10,2021,Oktober,10,WZ08-K,Erbringung v. Finanz- u. Versicherungsdienstleist.,11.0,7.0,18.0
2021-10,2021,Oktober,10,WZ08-L,Grundstücks- und Wohnungswesen,32.0,13.0,45.0
2021-10,2021,Oktober,10,WZ08-M,"Freiberufliche, wiss. u. techn. Dienstleistungen",64.0,31.0,95.0
2021-10,2021,Oktober,10,WZ08-N,Sonstige wirtschaftliche Dienstleistungen,85.0,34.0,119.0
2021-10,2021,Oktober,10,WZ08-O,"Öff. Verwaltung, Verteidigung, Sozialversicherung",,,
2021-10,2021,Oktober,10,WZ08-P,Erziehung und Unterricht,6.0,4.0,10.0
2021-10,2021,Oktober,10,WZ08-Q,Gesundheits- und Sozialwesen,22.0,3.0,25.0
2021-10,2021,Oktober,10,WZ08-R,"Kunst, Unterhaltung und Erholung",13.0,8.0,21.0
2021-10,2021,Oktober,10,WZ08-S,Erbringung von sonstigen Dienstleistungen,48.0,24.0,72.0
2021-11,2021,November,11,WZ08-A,"Land- und Forstwirtschaft, Fischerei",9.0,,
2021-11,2021,November,11,WZ08-B,Bergbau und Gewinnung von Steinen und Erden,,,
2021-11,2021,November,11,WZ08-C,Verarbeitendes Gewerbe,53.0,11.0,64.0
2021-11,2021,November,11,WZ08-D,Energieversorgung,3.0,2.0,5.0
2021-11,2021,November,11,WZ08-E,"Wasserversorg.,Entsorg.,Beseitig.v.Umweltverschm.",4.0,,
2021-11,2021,November,11,WZ08-F,Baugewerbe,147.0,58.0,205.0
2021-11,2021,November,11,WZ08-G,"Handel, Instandhaltung und Reparatur von Kfz",117.0,55.0,172.0
2021-11,2021,November,11,WZ08-H,Verkehr und Lagerei,50.0,23.0,73.0
2021-11,2021,November,11,WZ08-I,Gastgewerbe,81.0,21.0,102.0
2021-11,2021,November,11,WZ08-J,Information und Kommunikation,33.0,14.0,47.0
2021-11,2021,November,11,WZ08-K,Erbringung v. Finanz- u. Versicherungsdienstleist.,8.0,9.0,17.0
2021-11,2021,November,11,WZ08-L,Grundstücks- und Wohnungswesen,23.0,12.0,35.0
2021-11,2021,November,11,WZ08-M,"Freiberufliche, wiss. u. techn. Dienstleistungen",68.0,47.0,115.0
2021-11,2021,November,11,WZ08-N,Sonstige wirtschaftliche Dienstleistungen,75.0,38.0,113.0
2021-11,2021,November,11,WZ08-O,"Öff. Verwaltung, Verteidigung, Sozialversicherung",,,
2021-11,2021,November,11,WZ08-P,Erziehung und Unterricht,11.0,1.0,12.0
2021-11,2021,November,11,WZ08-Q,Gesundheits- und Sozialwesen,20.0,3.0,23.0
2021-11,2021,November,11,WZ08-R,"Kunst, Unterhaltung und Erholung",15.0,8.0,23.0
2021-11,2021,November,11,WZ08-S,Erbringung von sonstigen Dienstleistungen,51.0,24.0,75.0
2021-12,2021,Dezember,12,WZ08-A,"Land- und Forstwirtschaft, Fischerei",13.0,,
2021-12,2021,Dezember,12,WZ08-B,Bergbau und Gewinnung von Steinen und Erden,1.0,,
2021-12,2021,Dezember,12,WZ08-C,Verarbeitendes Gewerbe,74.0,15.0,89.0
2021-12,2021,Dezember,12,WZ08-D,Energieversorgung,4.0,,
2021-12,2021,Dezember,12,WZ08-E,"Wasserversorg.,Entsorg.,Beseitig.v.Umweltverschm.",2.0,1.0,3.0
2021-12,2021,Dezember,12,WZ08-F,Baugewerbe,162.0,42.0,204.0
2021-12,2021,Dezember,12,WZ08-G,"Handel, Instandhaltung und Reparatur von Kfz",140.0,57.0,197.0
2021-12,2021,Dezember,12,WZ08-H,Verkehr und Lagerei,63.0,19.0,82.0
2021-12,2021,Dezember,12,WZ08-I,Gastgewerbe,65.0,21.0,86.0
2021-12,2021,Dezember,12,WZ08-J,Information und Kommunikation,15.0,7.0,22.0
2021-12,2021,Dezember,12,WZ08-K,Erbringung v. Finanz- u. Versicherungsdienstleist.,20.0,9.0,29.0
2021-12,2021,Dezember,12,WZ08-L,Grundstücks- und Wohnungswesen,39.0,23.0,62.0
2021-12,2021,Dezember,12,WZ08-M,"Freiberufliche, wiss. u. techn. Dienstleistungen",75.0,42.0,117.0
2021-12,2021,Dezember,12,WZ08-N,Sonstige wirtschaftliche Dienstleistungen,86.0,31.0,117.0
2021-12,2021,Dezember,12,WZ08-O,"Öff. Verwaltung, Verteidigung, Sozialversicherung",,,
2021-12,2021,Dezember,12,WZ08-P,Erziehung und Unterricht,11.0,2.0,13.0
2021-12,2021,Dezember,12,WZ08-Q,Gesundheits- und Sozialwesen,28.0,5.0,33.0
2021-12,2021,Dezember,12,WZ08-R,"Kunst, Unterhaltung und Erholung",13.0,7.0,20.0
2021-12,2021,Dezember,12,WZ08-S,Erbringung von sonstigen Dienstleistungen,55.0,14.0,69.0
2022-01,2022,Januar,1,WZ08-A,"Land- und Forstwirtschaft, Fischerei",6.0,,
2022-01,2022,Januar,1,WZ08-B,Bergbau und Gewinnung von Steinen und Erden,1.0,1.0,2.0
2022-01,2022,Januar,1,WZ08-C,Verarbeitendes Gewerbe,78.0,14.0,92.0
2022-01,2022,Januar,1,WZ08-D,Energieversorgung,3.0,,
2022-01,2022,Januar,1,WZ08-E,"Wasserversorg.,Entsorg.,Beseitig.v.Umweltverschm.",1.0,,
2022-01,2022,Januar,1,WZ08-F,Baugewerbe,148.0,58.0,206.0
2022-01,2022,Januar,1,WZ08-G,"Handel, Instandhaltung und Reparatur von Kfz",104.0,56.0,160.0
2022-01,2022,Januar,1,WZ08-H,Verkehr und Lagerei,53.0,14.0,67.0
2022-01,2022,Januar,1,WZ08-I,Gastgewerbe,51.0,33.0,84.0
2022-01,2022,Januar,1,WZ08-J,Information und Kommunikation,22.0,13.0,35.0
2022-01,2022,Januar,1,WZ08-K,Erbringung v. Finanz- u. Versicherungsdienstleist.,13.0,7.0,20.0
2022-01,2022,Januar,1,WZ08-L,Grundstücks- und Wohnungswesen,20.0,23.0,43.0
2022-01,2022,Januar,1,WZ08-M,"Freiberufliche, wiss. u. techn. Dienstleistungen",72.0,41.0,113.0
2022-01,2022,Januar,1,WZ08-N,Sonstige wirtschaftliche Dienstleistungen,72.0,43.0,115.0
2022-01,2022,Januar,1,WZ08-O,"Öff. Verwaltung, Verteidigung, Sozialversicherung",,,
2022-01,2022,Januar,1,WZ08-P,Erziehung und Unterricht,11.0,1.0,12.0
2022-01,2022,Januar,1,WZ08-Q,Gesundheits- und Sozialwesen,24.0,5.0,29.0
2022-01,2022,Januar,1,WZ08-R,"Kunst, Unterhaltung und Erholung",18.0,9.0,27.0
2022-01,2022,Januar,1,WZ08-S,Erbringung von sonstigen Dienstleistungen,28.0,14.0,42.0
2022-02,2022,Februar,2,WZ08-A,"Land- und Forstwirtschaft, Fischerei",8.0,1.0,9.0
2022-02,2022,Februar,2,WZ08-B,Bergbau und Gewinnung von Steinen und Erden,,,
2022-02,2022,Februar,2,WZ08-C,Verarbeitendes Gewerbe,75.0,12.0,87.0
2022-02,2022,Februar,2,WZ08-D,Energieversorgung,2.0,1.0,3.0
2022-02,2022,Februar,2,WZ08-E,"Wasserversorg.,Entsorg.,Beseitig.v.Umweltverschm.",,2.0,
2022-02,2022,Februar,2,WZ08-F,Baugewerbe,142.0,64.0,206.0
2022-02,2022,Februar,2,WZ08-G,"Handel, Instandhaltung und Reparatur von Kfz",104.0,51.0,155.0
2022-02,2022,Februar,2,WZ08-H,Verkehr und Lagerei,80.0,15.0,95.0
2022-02,2022,Februar,2,WZ08-I,Gastgewerbe,74.0,27.0,101.0
2022-02,2022,Februar,2,WZ08-J,Information und Kommunikation,27.0,12.0,39.0
2022-02,2022,Februar,2,WZ08-K,Erbringung v. Finanz- u. Versicherungsdienstleist.,19.0,9.0,28.0
2022-02,2022,Februar,2,WZ08-L,Grundstücks- und Wohnungswesen,20.0,16.0,36.0
2022-02,2022,Februar,2,WZ08-M,"Freiberufliche, wiss. u. techn. Dienstleistungen",78.0,42.0,120.0
2022-02,2022,Februar,2,WZ08-N,Sonstige wirtschaftliche Dienstleistungen,99.0,36.0,135.0
2022-02,2022,Februar,2,WZ08-O,"Öff. Verwaltung, Verteidigung, Sozialversicherung",,,
2022-02,2022,Februar,2,WZ08-P,Erziehung und Unterricht,12.0,2.0,14.0
2022-02,2022,Februar,2,WZ08-Q,Gesundheits- und Sozialwesen,16.0,7.0,23.0
2022-02,2022,Februar,2,WZ08-R,"Kunst, Unterhaltung und Erholung",10.0,5.0,15.0
2022-02,2022,Februar,2,WZ08-S,Erbringung von sonstigen Dienstleistungen,45.0,19.0,64.0
2022-03,2022,März,3,WZ08-A,"Land- und Forstwirtschaft, Fischerei",11.0,,
2022-03,2022,März,3,WZ08-B,Bergbau und Gewinnung von Steinen und Erden,1.0,,
2022-03,2022,März,3,WZ08-C,Verarbeitendes Gewerbe,78.0,17.0,95.0
2022-03,2022,März,3,WZ08-D,Energieversorgung,6.0,1.0,7.0
2022-03,2022,März,3,WZ08-E,"Wasserversorg.,Entsorg.,Beseitig.v.Umweltverschm.",1.0,2.0,3.0
2022-03,2022,März,3,WZ08-F,Baugewerbe,165.0,73.0,238.0
2022-03,2022,März,3,WZ08-G,"Handel, Instandhaltung und Reparatur von Kfz",145.0,62.0,207.0
2022-03,2022,März,3,WZ08-H,Verkehr und Lagerei,82.0,19.0,101.0
2022-03,2022,März,3,WZ08-I,Gastgewerbe,80.0,38.0,118.0
2022-03,2022,März,3,WZ08-J,Information und Kommunikation,27.0,15.0,42.0
2022-03,2022,März,3,WZ08-K,Erbringung v. Finanz- u. Versicherungsdienstleist.,23.0,10.0,33.0
2022-03,2022,März,3,WZ08-L,Grundstücks- und Wohnungswesen,24.0,13.0,37.0
2022-03,2022,März,3,WZ08-M,"Freiberufliche, wiss. u. techn. Dienstleistungen",73.0,46.0,119.0
2022-03,2022,März,3,WZ08-N,Sonstige wirtschaftliche Dienstleistungen,105.0,44.0,149.0
2022-03,2022,März,3,WZ08-O,"Öff. Verwaltung, Verteidigung, Sozialversicherung",,,
2022-03,2022,März,3,WZ08-P,Erziehung und Unterricht,6.0,5.0,11.0
2022-03,2022,März,3,WZ08-Q,Gesundheits- und Sozialwesen,31.0,6.0,37.0
2022-03,2022,März,3,WZ08-R,"Kunst, Unterhaltung und Erholung",16.0,5.0,21.0
2022-03,2022,März,3,WZ08-S,Erbringung von sonstigen Dienstleistungen,47.0,17.0,64.0
2022-04,2022,April,4,WZ08-A,"Land- und Forstwirtschaft, Fischerei",10.0,3.0,13.0
2022-04,2022,April,4,WZ08-B,Bergbau und Gewinnung von Steinen und Erden,,,
2022-04,2022,April,4,WZ08-C,Verarbeitendes Gewerbe,85.0,16.0,101.0
2022-04,2022,April,4,WZ08-D,Energieversorgung,8.0,3.0,11.0
2022-04,2022,April,4,WZ08-E,"Wasserversorg.,Entsorg.,Beseitig.v.Umweltverschm.",2.0,,
2022-04,2022,April,4,WZ08-F,Baugewerbe,165.0,56.0,221.0
2022-04,2022,April,4,WZ08-G,"Handel, Instandhaltung und Reparatur von Kfz",132.0,55.0,187.0
2022-04,2022,April,4,WZ08-H,Verkehr und Lagerei,68.0,30.0,98.0
2022-04,2022,April,4,WZ08-I,Gastgewerbe,76.0,26.0,102.0
2022-04,2022,April,4,WZ08-J,Information und Kommunikation,28.0,11.0,39.0
2022-04,2022,April,4,WZ08-K,Erbringung v. Finanz- u. Versicherungsdienstleist.,24.0,17.0,41.0
2022-04,2022,April,4,WZ08-L,Grundstücks- und Wohnungswesen,19.0,11.0,30.0
2022-04,2022,April,4,WZ08-M,"Freiberufliche, wiss. u. techn. Dienstleistungen",77.0,44.0,121.0
2022-04,2022,April,4,WZ08-N,Sonstige wirtschaftliche Dienstleistungen,85.0,53.0,138.0
2022-04,2022,April,4,WZ08-O,"Öff. Verwaltung, Verteidigung, Sozialversicherung",,,
2022-04,2022,April,4,WZ08-P,Erziehung und Unterricht,10.0,2.0,12.0
2022-04,2022,April,4,WZ08-Q,Gesundheits- und Sozialwesen,31.0,5.0,36.0
2022-04,2022,April,4,WZ08-R,"Kunst, Unterhaltung und Erholung",13.0,8.0,21.0
2022-04,2022,April,4,WZ08-S,Erbringung von sonstigen Dienstleistungen,53.0,22.0,75.0
2022-05,2022,Mai,5,WZ08-A,"Land- und Forstwirtschaft, Fischerei",5.0,,
2022-05,2022,Mai,5,WZ08-B,Bergbau und Gewinnung von Steinen und Erden,,,
2022-05,2022,Mai,5,WZ08-C,Verarbeitendes Gewerbe,77.0,12.0,89.0
2022-05,2022,Mai,5,WZ08-D,Energieversorgung,4.0,3.0,7.0
2022-05,2022,Mai,5,WZ08-E,"Wasserversorg.,Entsorg.,Beseitig.v.Umweltverschm.",1.0,1.0,2.0
2022-05,2022,Mai,5,WZ08-F,Baugewerbe,161.0,72.0,233.0
2022-05,2022,Mai,5,WZ08-G,"Handel, Instandhaltung und Reparatur von Kfz",142.0,41.0,183.0
2022-05,2022,Mai,5,WZ08-H,Verkehr und Lagerei,87.0,26.0,113.0
2022-05,2022,Mai,5,WZ08-I,Gastgewerbe,72.0,25.0,97.0
2022-05,2022,Mai,5,WZ08-J,Information und Kommunikation,21.0,11.0,32.0
2022-05,2022,Mai,5,WZ08-K,Erbringung v. Finanz- u. Versicherungsdienstleist.,18.0,16.0,34.0
2022-05,2022,Mai,5,WZ08-L,Grundstücks- und Wohnungswesen,27.0,14.0,41.0
2022-05,2022,Mai,5,WZ08-M,"Freiberufliche, wiss. u. techn. Dienstleistungen",93.0,56.0,149.0
2022-05,2022,Mai,5,WZ08-N,Sonstige wirtschaftliche Dienstleistungen,97.0,35.0,132.0
2022-05,2022,Mai,5,WZ08-O,"Öff. Verwaltung, Verteidigung, Sozialversicherung",,,
2022-05,2022,Mai,5,WZ08-P,Erziehung und Unterricht,15.0,1.0,16.0
2022-05,2022,Mai,5,WZ08-Q,Gesundheits- und Sozialwesen,29.0,4.0,33.0
2022-05,2022,Mai,5,WZ08-R,"Kunst, Unterhaltung und Erholung",13.0,3.0,16.0
2022-05,2022,Mai,5,WZ08-S,Erbringung von sonstigen Dienstleistungen,40.0,20.0,60.0
2022-06,2022,Juni,6,WZ08-A,"Land- und Forstwirtschaft, Fischerei",3.0,,
2022-06,2022,Juni,6,WZ08-B,Bergbau und Gewinnung von Steinen und Erden,,,
2022-06,2022,Juni,6,WZ08-C,Verarbeitendes Gewerbe,61.0,11.0,72.0
2022-06,2022,Juni,6,WZ08-D,Energieversorgung,6.0,,
2022-06,2022,Juni,6,WZ08-E,"Wasserversorg.,Entsorg.,Beseitig.v.Umweltverschm.",2.0,,
2022-06,2022,Juni,6,WZ08-F,Baugewerbe,145.0,81.0,226.0
2022-06,2022,Juni,6,WZ08-G,"Handel, Instandhaltung und Reparatur von Kfz",120.0,46.0,166.0
2022-06,2022,Juni,6,WZ08-H,Verkehr und Lagerei,62.0,28.0,90.0
2022-06,2022,Juni,6,WZ08-I,Gastgewerbe,68.0,31.0,99.0
2022-06,2022,Juni,6,WZ08-J,Information und Kommunikation,18.0,12.0,30.0
2022-06,2022,Juni,6,WZ08-K,Erbringung v. Finanz- u. Versicherungsdienstleist.,21.0,5.0,26.0
2022-06,2022,Juni,6,WZ08-L,Grundstücks- und Wohnungswesen,20.0,7.0,27.0
2022-06,2022,Juni,6,WZ08-M,"Freiberufliche, wiss. u. techn. Dienstleistungen",88.0,39.0,127.0
2022-06,2022,Juni,6,WZ08-N,Sonstige wirtschaftliche Dienstleistungen,82.0,41.0,123.0
2022-06,2022,Juni,6,WZ08-O,"Öff. Verwaltung, Verteidigung, Sozialversicherung",,,
2022-06,2022,Juni,6,WZ08-P,Erziehung und Unterricht,15.0,6.0,21.0
2022-06,2022,Juni,6,WZ08-Q,Gesundheits- und Sozialwesen,23.0,4.0,27.0
2022-06,2022,Juni,6,WZ08-R,"Kunst, Unterhaltung und Erholung",22.0,8.0,30.0
2022-06,2022,Juni,6,WZ08-S,Erbringung von sonstigen Dienstleistungen,47.0,18.0,65.0
2022-07,2022,Juli,7,WZ08-A,"Land- und Forstwirtschaft, Fischerei",7.0,1.0,8.0
2022-07,2022,Juli,7,WZ08-B,Bergbau und Gewinnung von Steinen und Erden,,,
2022-07,2022,Juli,7,WZ08-C,Verarbeitendes Gewerbe,74.0,15.0,89.0
2022-07,2022,Juli,7,WZ08-D,Energieversorgung,4.0,1.0,5.0
2022-07,2022,Juli,7,WZ08-E,"Wasserversorg.,Entsorg.,Beseitig.v.Umweltverschm.",4.0,1.0,5.0
2022-07,2022,Juli,7,WZ08-F,Baugewerbe,181.0,64.0,245.0
2022-07,2022,Juli,7,WZ08-G,"Handel, Instandhaltung und Reparatur von Kfz",108.0,56.0,164.0
2022-07,2022,Juli,7,WZ08-H,Verkehr und Lagerei,69.0,13.0,82.0
2022-07,2022,Juli,7,WZ08-I,Gastgewerbe,70.0,28.0,98.0
2022-07,2022,Juli,7,WZ08-J,Information und Kommunikation,33.0,12.0,45.0
2022-07,2022,Juli,7,WZ08-K,Erbringung v. Finanz- u. Versicherungsdienstleist.,16.0,13.0,29.0
2022-07,2022,Juli,7,WZ08-L,Grundstücks- und Wohnungswesen,26.0,10.0,36.0
2022-07,2022,Juli,7,WZ08-M,"Freiberufliche, wiss. u. techn. Dienstleistungen",60.0,41.0,101.0
2022-07,2022,Juli,7,WZ08-N,Sonstige wirtschaftliche Dienstleistungen,86.0,47.0,133.0
2022-07,2022,Juli,7,WZ08-O,"Öff. Verwaltung, Verteidigung, Sozialversicherung",,,
2022-07,2022,Juli,7,WZ08-P,Erziehung und Unterricht,13.0,5.0,18.0
2022-07,2022,Juli,7,WZ08-Q,Gesundheits- und Sozialwesen,21.0,4.0,25.0
2022-07,2022,Juli,7,WZ08-R,"Kunst, Unterhaltung und Erholung",13.0,3.0,16.0
2022-07,2022,Juli,7,WZ08-S,Erbringung von sonstigen Dienstleistungen,33.0,22.0,55.0
2022-08,2022,August,8,WZ08-A,"Land- und Forstwirtschaft, Fischerei",7.0,3.0,10.0
2022-08,2022,August,8,WZ08-B,Bergbau und Gewinnung von Steinen und Erden,1.0,,
2022-08,2022,August,8,WZ08-C,Verarbeitendes Gewerbe,74.0,15.0,89.0
2022-08,2022,August,8,WZ08-D,Energieversorgung,,4.0,
2022-08,2022,August,8,WZ08-E,"Wasserversorg.,Entsorg.,Beseitig.v.Umweltverschm.",1.0,,
2022-08,2022,August,8,WZ08-F,Baugewerbe,139.0,59.0,198.0
2022-08,2022,August,8,WZ08-G,"Handel, Instandhaltung und Reparatur von Kfz",119.0,48.0,167.0
2022-08,2022,August,8,WZ08-H,Verkehr und Lagerei,56.0,27.0,83.0
2022-08,2022,August,8,WZ08-I,Gastgewerbe,63.0,25.0,88.0
2022-08,2022,August,8,WZ08-J,Information und Kommunikation,24.0,14.0,38.0
2022-08,2022,August,8,WZ08-K,Erbringung v. Finanz- u. Versicherungsdienstleist.,20.0,17.0,37.0
2022-08,2022,August,8,WZ08-L,Grundstücks- und Wohnungswesen,26.0,20.0,46.0
2022-08,2022,August,8,WZ08-M,"Freiberufliche, wiss. u. techn. Dienstleistungen",74.0,41.0,115.0
2022-08,2022,August,8,WZ08-N,Sonstige wirtschaftliche Dienstleistungen,81.0,34.0,115.0
2022-08,2022,August,8,WZ08-O,"Öff. Verwaltung, Verteidigung, Sozialversicherung",,,
2022-08,2022,August,8,WZ08-P,Erziehung und Unterricht,11.0,4.0,15.0
2022-08,2022,August,8,WZ08-Q,Gesundheits- und Sozialwesen,18.0,1.0,19.0
2022-08,2022,August,8,WZ08-R,"Kunst, Unterhaltung und Erholung",15.0,7.0,22.0
2022-08,2022,August,8,WZ08-S,Erbringung von sonstigen Dienstleistungen,82.0,17.0,99.0
2022-09,2022,September,9,WZ08-A,"Land- und Forstwirtschaft, Fischerei",3.0,2.0,5.0
2022-09,2022,September,9,WZ08-B,Bergbau und Gewinnung von Steinen und Erden,,,
2022-09,2022,September,9,WZ08-C,Verarbeitendes Gewerbe,87.0,11.0,98.0
2022-09,2022,September,9,WZ08-D,Energieversorgung,4.0,1.0,5.0
2022-09,2022,September,9,WZ08-E,"Wasserversorg.,Entsorg.,Beseitig.v.Umweltverschm.",1.0,,
2022-09,2022,September,9,WZ08-F,Baugewerbe,146.0,51.0,197.0
2022-09,2022,September,9,WZ08-G,"Handel, Instandhaltung und Reparatur von Kfz",134.0,48.0,182.0
2022-09,2022,September,9,WZ08-H,Verkehr und Lagerei,79.0,21.0,100.0
2022-09,2022,September,9,WZ08-I,Gastgewerbe,94.0,20.0,114.0
2022-09,2022,September,9,WZ08-J,Information und Kommunikation,33.0,12.0,45.0
2022-09,2022,September,9,WZ08-K,Erbringung v. Finanz- u. Versicherungsdienstleist.,22.0,8.0,30.0
2022-09,2022,September,9,WZ08-L,Grundstücks- und Wohnungswesen,30.0,12.0,42.0
2022-09,2022,September,9,WZ08-M,"Freiberufliche, wiss. u. techn. Dienstleistungen",80.0,39.0,119.0
2022-09,2022,September,9,WZ08-N,Sonstige wirtschaftliche Dienstleistungen,94.0,40.0,134.0
2022-09,2022,September,9,WZ08-O,"Öff. Verwaltung, Verteidigung, Sozialversicherung",,,
2022-09,2022,September,9,WZ08-P,Erziehung und Unterricht,15.0,5.0,20.0
2022-09,2022,September,9,WZ08-Q,Gesundheits- und Sozialwesen,27.0,3.0,30.0
2022-09,2022,September,9,WZ08-R,"Kunst, Unterhaltung und Erholung",20.0,4.0,24.0
2022-09,2022,September,9,WZ08-S,Erbringung von sonstigen Dienstleistungen,62.0,21.0,83.0
2022-10,2022,Oktober,10,WZ08-A,"Land- und Forstwirtschaft, Fischerei",5.0,3.0,8.0
2022-10,2022,Oktober,10,WZ08-B,Bergbau und Gewinnung von Steinen und Erden,1.0,,
2022-10,2022,Oktober,10,WZ08-C,Verarbeitendes Gewerbe,62.0,9.0,71.0
2022-10,2022,Oktober,10,WZ08-D,Energieversorgung,2.0,2.0,4.0
2022-10,2022,Oktober,10,WZ08-E,"Wasserversorg.,Entsorg.,Beseitig.v.Umweltverschm.",1.0,1.0,2.0
2022-10,2022,Oktober,10,WZ08-F,Baugewerbe,172.0,79.0,251.0
2022-10,2022,Oktober,10,WZ08-G,"Handel, Instandhaltung und Reparatur von Kfz",136.0,70.0,206.0
2022-10,2022,Oktober,10,WZ08-H,Verkehr und Lagerei,56.0,35.0,91.0
2022-10,2022,Oktober,10,WZ08-I,Gastgewerbe,75.0,26.0,101.0
2022-10,2022,Oktober,10,WZ08-J,Information und Kommunikation,37.0,10.0,47.0
2022-10,2022,Oktober,10,WZ08-K,Erbringung v. Finanz- u. Versicherungsdienstleist.,16.0,20.0,36.0
2022-10,2022,Oktober,10,WZ08-L,Grundstücks- und Wohnungswesen,20.0,17.0,37.0
2022-10,2022,Oktober,10,WZ08-M,"Freiberufliche, wiss. u. techn. Dienstleistungen",71.0,32.0,103.0
2022-10,2022,Oktober,10,WZ08-N,Sonstige wirtschaftliche Dienstleistungen,87.0,48.0,135.0
2022-10,2022,Oktober,10,WZ08-O,"Öff. Verwaltung, Verteidigung, Sozialversicherung",,,
2022-10,2022,Oktober,10,WZ08-P,Erziehung und Unterricht,10.0,1.0,11.0
2022-10,2022,Oktober,10,WZ08-Q,Gesundheits- und Sozialwesen,34.0,2.0,36.0
2022-10,2022,Oktober,10,WZ08-R,"Kunst, Unterhaltung und Erholung",26.0,8.0,34.0
2022-10,2022,Oktober,10,WZ08-S,Erbringung von sonstigen Dienstleistungen,43.0,28.0,71.0
2022-11,2022,November,11,WZ08-A,"Land- und Forstwirtschaft, Fischerei",3.0,,
2022-11,2022,November,11,WZ08-B,Bergbau und Gewinnung von Steinen und Erden,,,
2022-11,2022,November,11,WZ08-C,Verarbeitendes Gewerbe,99.0,10.0,109.0
2022-11,2022,November,11,WZ08-D,Energieversorgung,4.0,1.0,5.0
2022-11,2022,November,11,WZ08-E,"Wasserversorg.,Entsorg.,Beseitig.v.Umweltverschm.",1.0,1.0,2.0
2022-11,2022,November,11,WZ08-F,Baugewerbe,165.0,72.0,237.0
2022-11,2022,November,11,WZ08-G,"Handel, Instandhaltung und Reparatur von Kfz",154.0,53.0,207.0
2022-11,2022,November,11,WZ08-H,Verkehr und Lagerei,73.0,25.0,98.0
2022-11,2022,November,11,WZ08-I,Gastgewerbe,87.0,39.0,126.0
2022-11,2022,November,11,WZ08-J,Information und Kommunikation,43.0,14.0,57.0
2022-11,2022,November,11,WZ08-K,Erbringung v. Finanz- u. Versicherungsdienstleist.,17.0,5.0,22.0
2022-11,2022,November,11,WZ08-L,Grundstücks- und Wohnungswesen,27.0,11.0,38.0
2022-11,2022,November,11,WZ08-M,"Freiberufliche, wiss. u. techn. Dienstleistungen",82.0,48.0,130.0
2022-11,2022,November,11,WZ08-N,Sonstige wirtschaftliche Dienstleistungen,115.0,35.0,150.0
2022-11,2022,November,11,WZ08-O,"Öff. Verwaltung, Verteidigung, Sozialversicherung",,,
2022-11,2022,November,11,WZ08-P,Erziehung und Unterricht,8.0,,
2022-11,2022,November,11,WZ08-Q,Gesundheits- und Sozialwesen,21.0,2.0,23.0
2022-11,2022,November,11,WZ08-R,"Kunst, Unterhaltung und Erholung",20.0,6.0,26.0
2022-11,2022,November,11,WZ08-S,Erbringung von sonstigen Dienstleistungen,53.0,18.0,71.0
2022-12,2022,Dezember,12,WZ08-A,"Land- und Forstwirtschaft, Fischerei",6.0,1.0,7.0
2022-12,2022,Dezember,12,WZ08-B,Bergbau und Gewinnung von Steinen und Erden,1.0,1.0,2.0
2022-12,2022,Dezember,12,WZ08-C,Verarbeitendes Gewerbe,101.0,19.0,120.0
2022-12,2022,Dezember,12,WZ08-D,Energieversorgung,3.0,1.0,4.0
2022-12,2022,Dezember,12,WZ08-E,"Wasserversorg.,Entsorg.,Beseitig.v.Umweltverschm.",3.0,,
2022-12,2022,Dezember,12,WZ08-F,Baugewerbe,176.0,64.0,240.0
2022-12,2022,Dezember,12,WZ08-G,"Handel, Instandhaltung und Reparatur von Kfz",182.0,73.0,255.0
2022-12,2022,Dezember,12,WZ08-H,Verkehr und Lagerei,65.0,20.0,85.0
2022-12,2022,Dezember,12,WZ08-I,Gastgewerbe,69.0,38.0,107.0
2022-12,2022,Dezember,12,WZ08-J,Information und Kommunikation,30.0,14.0,44.0
2022-12,2022,Dezember,12,WZ08-K,Erbringung v. Finanz- u. Versicherungsdienstleist.,19.0,8.0,27.0
2022-12,2022,Dezember,12,WZ08-L,Grundstücks- und Wohnungswesen,21.0,17.0,38.0
2022-12,2022,Dezember,12,WZ08-M,"Freiberufliche, wiss. u. techn. Dienstleistungen",87.0,54.0,141.0
2022-12,2022,Dezember,12,WZ08-N,Sonstige wirtschaftliche Dienstleistungen,98.0,50.0,148.0
2022-12,2022,Dezember,12,WZ08-O,"Öff. Verwaltung, Verteidigung, Sozialversicherung",,,
2022-12,2022,Dezember,12,WZ08-P,Erziehung und Unterricht,16.0,1.0,17.0
2022-12,2022,Dezember,12,WZ08-Q,Gesundheits- und Sozialwesen,32.0,10.0,42.0
2022-12,2022,Dezember,12,WZ08-R,"Kunst, Unterhaltung und Erholung",26.0,6.0,32.0
2022-12,2022,Dezember,12,WZ08-S,Erbringung von sonstigen Dienstleistungen,63.0,15.0,78.0
2023-01,2023,Januar,1,WZ08-A,"Land- und Forstwirtschaft, Fischerei",10.0,1.0,11.0
2023-01,2023,Januar,1,WZ08-B,Bergbau und Gewinnung von Steinen und Erden,2.0,1.0,3.0
2023-01,2023,Januar,1,WZ08-C,Verarbeitendes Gewerbe,83.0,11.0,94.0
2023-01,2023,Januar,1,WZ08-D,Energieversorgung,2.0,,
2023-01,2023,Januar,1,WZ08-E,"Wasserversorg.,Entsorg.,Beseitig.v.Umweltverschm.",2.0,1.0,3.0
2023-01,2023,Januar,1,WZ08-F,Baugewerbe,177.0,69.0,246.0
2023-01,2023,Januar,1,WZ08-G,"Handel, Instandhaltung und Reparatur von Kfz",128.0,76.0,204.0
2023-01,2023,Januar,1,WZ08-H,Verkehr und Lagerei,74.0,21.0,95.0
2023-01,2023,Januar,1,WZ08-I,Gastgewerbe,65.0,36.0,101.0
2023-01,2023,Januar,1,WZ08-J,Information und Kommunikation,34.0,12.0,46.0
2023-01,2023,Januar,1,WZ08-K,Erbringung v. Finanz- u. Versicherungsdienstleist.,25.0,15.0,40.0
2023-01,2023,Januar,1,WZ08-L,Grundstücks- und Wohnungswesen,19.0,11.0,30.0
2023-01,2023,Januar,1,WZ08-M,"Freiberufliche, wiss. u. techn. Dienstleistungen",85.0,49.0,134.0
2023-01,2023,Januar,1,WZ08-N,Sonstige wirtschaftliche Dienstleistungen,94.0,38.0,132.0
2023-01,2023,Januar,1,WZ08-O,"Öff. Verwaltung, Verteidigung, Sozialversicherung",,,
2023-01,2023,Januar,1,WZ08-P,Erziehung und Unterricht,16.0,1.0,17.0
2023-01,2023,Januar,1,WZ08-Q,Gesundheits- und Sozialwesen,27.0,6.0,33.0
2023-01,2023,Januar,1,WZ08-R,"Kunst, Unterhaltung und Erholung",19.0,5.0,24.0
2023-01,2023,Januar,1,WZ08-S,Erbringung von sonstigen Dienstleistungen,38.0,18.0,56.0
2023-02,2023,Februar,2,WZ08-A,"Land- und Forstwirtschaft, Fischerei",9.0,3.0,12.0
2023-02,2023,Februar,2,WZ08-B,Bergbau und Gewinnung von Steinen und Erden,1.0,,
2023-02,2023,Februar,2,WZ08-C,Verarbeitendes Gewerbe,91.0,9.0,100.0
2023-02,2023,Februar,2,WZ08-D,Energieversorgung,,,
2023-02,2023,Februar,2,WZ08-E,"Wasserversorg.,Entsorg.,Beseitig.v.Umweltverschm.",2.0,1.0,3.0
2023-02,2023,Februar,2,WZ08-F,Baugewerbe,166.0,71.0,237.0
2023-02,2023,Februar,2,WZ08-G,"Handel, Instandhaltung und Reparatur von Kfz",177.0,57.0,234.0
2023-02,2023,Februar,2,WZ08-H,Verkehr und Lagerei,70.0,22.0,92.0
2023-02,2023,Februar,2,WZ08-I,Gastgewerbe,102.0,35.0,137.0
2023-02,2023,Februar,2,WZ08-J,Information und Kommunikation,43.0,14.0,57.0
2023-02,2023,Februar,2,WZ08-K,Erbringung v. Finanz- u. Versicherungsdienstleist.,20.0,9.0,29.0
2023-02,2023,Februar,2,WZ08-L,Grundstücks- und Wohnungswesen,40.0,5.0,45.0
2023-02,2023,Februar,2,WZ08-M,"Freiberufliche, wiss. u. techn. Dienstleistungen",79.0,40.0,119.0
2023-02,2023,Februar,2,WZ08-N,Sonstige wirtschaftliche Dienstleistungen,108.0,33.0,141.0
2023-02,2023,Februar,2,WZ08-O,"Öff. Verwaltung, Verteidigung, Sozialversicherung",,,
2023-02,2023,Februar,2,WZ08-P,Erziehung und Unterricht,18.0,4.0,22.0
2023-02,2023,Februar,2,WZ08-Q,Gesundheits- und Sozialwesen,40.0,1.0,41.0
2023-02,2023,Februar,2,WZ08-R,"Kunst, Unterhaltung und Erholung",19.0,5.0,24.0
2023-02,2023,Februar,2,WZ08-S,Erbringung von sonstigen Dienstleistungen,54.0,14.0,68.0
2023-03,2023,März,3,WZ08-A,"Land- und Forstwirtschaft, Fischerei",8.0,,
2023-03,2023,März,3,WZ08-B,Bergbau und Gewinnung von Steinen und Erden,,,
2023-03,2023,März,3,WZ08-C,Verarbeitendes Gewerbe,109.0,16.0,125.0
2023-03,2023,März,3,WZ08-D,Energieversorgung,3.0,,
2023-03,2023,März,3,WZ08-E,"Wasserversorg.,Entsorg.,Beseitig.v.Umweltverschm.",1.0,,
2023-03,2023,März,3,WZ08-F,Baugewerbe,191.0,70.0,261.0
2023-03,2023,März,3,WZ08-G,"Handel, Instandhaltung und Reparatur von Kfz",171.0,63.0,234.0
2023-03,2023,März,3,WZ08-H,Verkehr und Lagerei,74.0,19.0,93.0
2023-03,2023,März,3,WZ08-I,Gastgewerbe,95.0,37.0,132.0
2023-03,2023,März,3,WZ08-J,Information und Kommunikation,48.0,17.0,65.0
2023-03,2023,März,3,WZ08-K,Erbringung v. Finanz- u. Versicherungsdienstleist.,19.0,14.0,33.0
2023-03,2023,März,3,WZ08-L,Grundstücks- und Wohnungswesen,49.0,14.0,63.0
2023-03,2023,März,3,WZ08-M,"Freiberufliche, wiss. u. techn. Dienstleistungen",106.0,37.0,143.0
2023-03,2023,März,3,WZ08-N,Sonstige wirtschaftliche Dienstleistungen,110.0,53.0,163.0
2023-03,2023,März,3,WZ08-O,"Öff. Verwaltung, Verteidigung, Sozialversicherung",,,
2023-03,2023,März,3,WZ08-P,Erziehung und Unterricht,13.0,2.0,15.0
2023-03,2023,März,3,WZ08-Q,Gesundheits- und Sozialwesen,38.0,5.0,43.0
2023-03,2023,März,3,WZ08-R,"Kunst, Unterhaltung und Erholung",27.0,7.0,34.0
2023-03,2023,März,3,WZ08-S,Erbringung von sonstigen Dienstleistungen,49.0,19.0,68.0
2023-04,2023,April,4,WZ08-A,"Land- und Forstwirtschaft, Fischerei",5.0,3.0,8.0
2023-04,2023,April,4,WZ08-B,Bergbau und Gewinnung von Steinen und Erden,,,
2023-04,2023,April,4,WZ08-C,Verarbeitendes Gewerbe,82.0,15.0,97.0
2023-04,2023,April,4,WZ08-D,Energieversorgung,5.0,,
2023-04,2023,April,4,WZ08-E,"Wasserversorg.,Entsorg.,Beseitig.v.Umweltverschm.",,2.0,
2023-04,2023,April,4,WZ08-F,Baugewerbe,165.0,70.0,235.0
2023-04,2023,April,4,WZ08-G,"Handel, Instandhaltung und Reparatur von Kfz",129.0,60.0,189.0
2023-04,2023,April,4,WZ08-H,Verkehr und Lagerei,89.0,19.0,108.0
2023-04,2023,April,4,WZ08-I,Gastgewerbe,104.0,34.0,138.0
2023-04,2023,April,4,WZ08-J,Information und Kommunikation,47.0,16.0,63.0
2023-04,2023,April,4,WZ08-K,Erbringung v. Finanz- u. Versicherungsdienstleist.,10.0,11.0,21.0
2023-04,2023,April,4,WZ08-L,Grundstücks- und Wohnungswesen,32.0,13.0,45.0
2023-04,2023,April,4,WZ08-M,"Freiberufliche, wiss. u. techn. Dienstleistungen",100.0,51.0,151.0
2023-04,2023,April,4,WZ08-N,Sonstige wirtschaftliche Dienstleistungen,119.0,51.0,170.0
2023-04,2023,April,4,WZ08-O,"Öff. Verwaltung, Verteidigung, Sozialversicherung",,,
2023-04,2023,April,4,WZ08-P,Erziehung und Unterricht,11.0,3.0,14.0
2023-04,2023,April,4,WZ08-Q,Gesundheits- und Sozialwesen,94.0,3.0,97.0
2023-04,2023,April,4,WZ08-R,"Kunst, Unterhaltung und Erholung",16.0,6.0,22.0
2023-04,2023,April,4,WZ08-S,Erbringung von sonstigen Dienstleistungen,47.0,16.0,63.0
2023-05,2023,Mai,5,WZ08-A,"Land- und Forstwirtschaft, Fischerei",9.0,1.0,10.0
2023-05,2023,Mai,5,WZ08-B,Bergbau und Gewinnung von Steinen und Erden,,,
2023-05,2023,Mai,5,WZ08-C,Verarbeitendes Gewerbe,106.0,17.0,123.0
2023-05,2023,Mai,5,WZ08-D,Energieversorgung,1.0,1.0,2.0
2023-05,2023,Mai,5,WZ08-E,"Wasserversorg.,Entsorg.,Beseitig.v.Umweltverschm.",2.0,1.0,3.0
2023-05,2023,Mai,5,WZ08-F,Baugewerbe,199.0,71.0,270.0
2023-05,2023,Mai,5,WZ08-G,"Handel, Instandhaltung und Reparatur von Kfz",170.0,74.0,244.0
2023-05,2023,Mai,5,WZ08-H,Verkehr und Lagerei,66.0,26.0,92.0
2023-05,2023,Mai,5,WZ08-I,Gastgewerbe,109.0,44.0,153.0
2023-05,2023,Mai,5,WZ08-J,Information und Kommunikation,38.0,15.0,53.0
2023-05,2023,Mai,5,WZ08-K,Erbringung v. Finanz- u. Versicherungsdienstleist.,17.0,13.0,30.0
2023-05,2023,Mai,5,WZ08-L,Grundstücks- und Wohnungswesen,38.0,22.0,60.0
2023-05,2023,Mai,5,WZ08-M,"Freiberufliche, wiss. u. techn. Dienstleistungen",75.0,49.0,124.0
2023-05,2023,Mai,5,WZ08-N,Sonstige wirtschaftliche Dienstleistungen,122.0,43.0,165.0
2023-05,2023,Mai,5,WZ08-O,"Öff. Verwaltung, Verteidigung, Sozialversicherung",,,
2023-05,2023,Mai,5,WZ08-P,Erziehung und Unterricht,14.0,,
2023-05,2023,Mai,5,WZ08-Q,Gesundheits- und Sozialwesen,39.0,6.0,45.0
2023-05,2023,Mai,5,WZ08-R,"Kunst, Unterhaltung und Erholung",16.0,4.0,20.0
2023-05,2023,Mai,5,WZ08-S,Erbringung von sonstigen Dienstleistungen,51.0,19.0,70.0
2023-06,2023,Juni,6,WZ08-A,"Land- und Forstwirtschaft, Fischerei",11.0,,
2023-06,2023,Juni,6,WZ08-B,Bergbau und Gewinnung von Steinen und Erden,,,
2023-06,2023,Juni,6,WZ08-C,Verarbeitendes Gewerbe,111.0,23.0,134.0
2023-06,2023,Juni,6,WZ08-D,Energieversorgung,4.0,1.0,5.0
2023-06,2023,Juni,6,WZ08-E,"Wasserversorg.,Entsorg.,Beseitig.v.Umweltverschm.",1.0,2.0,3.0
2023-06,2023,Juni,6,WZ08-F,Baugewerbe,204.0,70.0,274.0
2023-06,2023,Juni,6,WZ08-G,"Handel, Instandhaltung und Reparatur von Kfz",179.0,70.0,249.0
2023-06,2023,Juni,6,WZ08-H,Verkehr und Lagerei,66.0,28.0,94.0
2023-06,2023,Juni,6,WZ08-I,Gastgewerbe,97.0,37.0,134.0
2023-06,2023,Juni,6,WZ08-J,Information und Kommunikation,43.0,18.0,61.0
2023-06,2023,Juni,6,WZ08-K,Erbringung v. Finanz- u. Versicherungsdienstleist.,21.0,11.0,32.0
2023-06,2023,Juni,6,WZ08-L,Grundstücks- und Wohnungswesen,54.0,23.0,77.0
2023-06,2023,Juni,6,WZ08-M,"Freiberufliche, wiss. u. techn. Dienstleistungen",104.0,45.0,149.0
2023-06,2023,Juni,6,WZ08-N,Sonstige wirtschaftliche Dienstleistungen,106.0,45.0,151.0
2023-06,2023,Juni,6,WZ08-O,"Öff. Verwaltung, Verteidigung, Sozialversicherung",,,
2023-06,2023,Juni,6,WZ08-P,Erziehung und Unterricht,18.0,2.0,20.0
2023-06,2023,Juni,6,WZ08-Q,Gesundheits- und Sozialwesen,41.0,4.0,45.0
2023-06,2023,Juni,6,WZ08-R,"Kunst, Unterhaltung und Erholung",25.0,7.0,32.0
2023-06,2023,Juni,6,WZ08-S,Erbringung von sonstigen Dienstleistungen,59.0,18.0,77.0
2023-07,2023,Juli,7,WZ08-A,"Land- und Forstwirtschaft, Fischerei",12.0,,
2023-07,2023,Juli,7,WZ08-B,Bergbau und Gewinnung von Steinen und Erden,1.0,,
2023-07,2023,Juli,7,WZ08-C,Verarbeitendes Gewerbe,100.0,26.0,126.0
2023-07,2023,Juli,7,WZ08-D,Energieversorgung,3.0,1.0,4.0
2023-07,2023,Juli,7,WZ08-E,"Wasserversorg.,Entsorg.,Beseitig.v.Umweltverschm.",3.0,,
2023-07,2023,Juli,7,WZ08-F,Baugewerbe,198.0,74.0,272.0
2023-07,2023,Juli,7,WZ08-G,"Handel, Instandhaltung und Reparatur von Kfz",182.0,57.0,239.0
2023-07,2023,Juli,7,WZ08-H,Verkehr und Lagerei,64.0,21.0,85.0
2023-07,2023,Juli,7,WZ08-I,Gastgewerbe,93.0,32.0,125.0
2023-07,2023,Juli,7,WZ08-J,Information und Kommunikation,51.0,15.0,66.0
2023-07,2023,Juli,7,WZ08-K,Erbringung v. Finanz- u. Versicherungsdienstleist.,21.0,16.0,37.0
2023-07,2023,Juli,7,WZ08-L,Grundstücks- und Wohnungswesen,34.0,18.0,52.0
2023-07,2023,Juli,7,WZ08-M,"Freiberufliche, wiss. u. techn. Dienstleistungen",103.0,77.0,180.0
2023-07,2023,Juli,7,WZ08-N,Sonstige wirtschaftliche Dienstleistungen,124.0,55.0,179.0
2023-07,2023,Juli,7,WZ08-O,"Öff. Verwaltung, Verteidigung, Sozialversicherung",,,
2023-07,2023,Juli,7,WZ08-P,Erziehung und Unterricht,14.0,3.0,17.0
2023-07,2023,Juli,7,WZ08-Q,Gesundheits- und Sozialwesen,71.0,5.0,76.0
2023-07,2023,Juli,7,WZ08-R,"Kunst, Unterhaltung und Erholung",29.0,5.0,34.0
2023-07,2023,Juli,7,WZ08-S,Erbringung von sonstigen Dienstleistungen,54.0,24.0,78.0
2023-08,2023,August,8,WZ08-A,"Land- und Forstwirtschaft, Fischerei",7.0,2.0,9.0
2023-08,2023,August,8,WZ08-B,Bergbau und Gewinnung von Steinen und Erden,,,
2023-08,2023,August,8,WZ08-C,Verarbeitendes Gewerbe,98.0,27.0,125.0
2023-08,2023,August,8,WZ08-D,Energieversorgung,2.0,2.0,4.0
2023-08,2023,August,8,WZ08-E,"Wasserversorg.,Entsorg.,Beseitig.v.Umweltverschm.",,1.0,
2023-08,2023,August,8,WZ08-F,Baugewerbe,182.0,88.0,270.0
2023-08,2023,August,8,WZ08-G,"Handel, Instandhaltung und Reparatur von Kfz",173.0,70.0,243.0
2023-08,2023,August,8,WZ08-H,Verkehr und Lagerei,69.0,36.0,105.0
2023-08,2023,August,8,WZ08-I,Gastgewerbe,116.0,44.0,160.0
2023-08,2023,August,8,WZ08-J,Information und Kommunikation,38.0,14.0,52.0
2023-08,2023,August,8,WZ08-K,Erbringung v. Finanz- u. Versicherungsdienstleist.,16.0,10.0,26.0
2023-08,2023,August,8,WZ08-L,Grundstücks- und Wohnungswesen,33.0,16.0,49.0
2023-08,2023,August,8,WZ08-M,"Freiberufliche, wiss. u. techn. Dienstleistungen",91.0,57.0,148.0
2023-08,2023,August,8,WZ08-N,Sonstige wirtschaftliche Dienstleistungen,118.0,54.0,172.0
2023-08,2023,August,8,WZ08-O,"Öff. Verwaltung, Verteidigung, Sozialversicherung",,,
2023-08,2023,August,8,WZ08-P,Erziehung und Unterricht,20.0,,
2023-08,2023,August,8,WZ08-Q,Gesundheits- und Sozialwesen,43.0,7.0,50.0
2023-08,2023,August,8,WZ08-R,"Kunst, Unterhaltung und Erholung",30.0,8.0,38.0
2023-08,2023,August,8,WZ08-S,Erbringung von sonstigen Dienstleistungen,66.0,18.0,84.0
2023-09,2023,September,9,WZ08-A,"Land- und Forstwirtschaft, Fischerei",10.0,2.0,12.0
2023-09,2023,September,9,WZ08-B,Bergbau und Gewinnung von Steinen und Erden,2.0,,
2023-09,2023,September,9,WZ08-C,Verarbeitendes Gewerbe,122.0,10.0,132.0
2023-09,2023,September,9,WZ08-D,Energieversorgung,6.0,,
2023-09,2023,September,9,WZ08-E,"Wasserversorg.,Entsorg.,Beseitig.v.Umweltverschm.",3.0,1.0,4.0
2023-09,2023,September,9,WZ08-F,Baugewerbe,187.0,70.0,257.0
2023-09,2023,September,9,WZ08-G,"Handel, Instandhaltung und Reparatur von Kfz",190.0,62.0,252.0
2023-09,2023,September,9,WZ08-H,Verkehr und Lagerei,62.0,17.0,79.0
2023-09,2023,September,9,WZ08-I,Gastgewerbe,112.0,32.0,144.0
2023-09,2023,September,9,WZ08-J,Information und Kommunikation,63.0,16.0,79.0
2023-09,2023,September,9,WZ08-K,Erbringung v. Finanz- u. Versicherungsdienstleist.,19.0,15.0,34.0
2023-09,2023,September,9,WZ08-L,Grundstücks- und Wohnungswesen,38.0,20.0,58.0
2023-09,2023,September,9,WZ08-M,"Freiberufliche, wiss. u. techn. Dienstleistungen",109.0,58.0,167.0
2023-09,2023,September,9,WZ08-N,Sonstige wirtschaftliche Dienstleistungen,115.0,34.0,149.0
2023-09,2023,September,9,WZ08-O,"Öff. Verwaltung, Verteidigung, Sozialversicherung",,,
2023-09,2023,September,9,WZ08-P,Erziehung und Unterricht,11.0,5.0,16.0
2023-09,2023,September,9,WZ08-Q,Gesundheits- und Sozialwesen,50.0,8.0,58.0
2023-09,2023,September,9,WZ08-R,"Kunst, Unterhaltung und Erholung",25.0,9.0,34.0
2023-09,2023,September,9,WZ08-S,Erbringung von sonstigen Dienstleistungen,58.0,16.0,74.0
2023-10,2023,Oktober,10,WZ08-A,"Land- und Forstwirtschaft, Fischerei",7.0,1.0,8.0
2023-10,2023,Oktober,10,WZ08-B,Bergbau und Gewinnung von Steinen und Erden,,,
2023-10,2023,Oktober,10,WZ08-C,Verarbeitendes Gewerbe,101.0,17.0,118.0
2023-10,2023,Oktober,10,WZ08-D,Energieversorgung,2.0,,
2023-10,2023,Oktober,10,WZ08-E,"Wasserversorg.,Entsorg.,Beseitig.v.Umweltverschm.",3.0,1.0,4.0
2023-10,2023,Oktober,10,WZ08-F,Baugewerbe,172.0,64.0,236.0
2023-10,2023,Oktober,10,WZ08-G,"Handel, Instandhaltung und Reparatur von Kfz",181.0,78.0,259.0
2023-10,2023,Oktober,10,WZ08-H,Verkehr und Lagerei,62.0,24.0,86.0
2023-10,2023,Oktober,10,WZ08-I,Gastgewerbe,99.0,34.0,133.0
2023-10,2023,Oktober,10,WZ08-J,Information und Kommunikation,42.0,15.0,57.0
2023-10,2023,Oktober,10,WZ08-K,Erbringung v. Finanz- u. Versicherungsdienstleist.,22.0,12.0,34.0
2023-10,2023,Oktober,10,WZ08-L,Grundstücks- und Wohnungswesen,32.0,21.0,53.0
2023-10,2023,Oktober,10,WZ08-M,"Freiberufliche, wiss. u. techn. Dienstleistungen",94.0,62.0,156.0
2023-10,2023,Oktober,10,WZ08-N,Sonstige wirtschaftliche Dienstleistungen,109.0,41.0,150.0
2023-10,2023,Oktober,10,WZ08-O,"Öff. Verwaltung, Verteidigung, Sozialversicherung",,,
2023-10,2023,Oktober,10,WZ08-P,Erziehung und Unterricht,13.0,5.0,18.0
2023-10,2023,Oktober,10,WZ08-Q,Gesundheits- und Sozialwesen,72.0,5.0,77.0
2023-10,2023,Oktober,10,WZ08-R,"Kunst, Unterhaltung und Erholung",21.0,7.0,28.0
2023-10,2023,Oktober,10,WZ08-S,Erbringung von sonstigen Dienstleistungen,43.0,19.0,62.0
2023-11,2023,November,11,WZ08-A,"Land- und Forstwirtschaft, Fischerei",9.0,3.0,12.0
2023-11,2023,November,11,WZ08-B,Bergbau und Gewinnung von Steinen und Erden,,,
2023-11,2023,November,11,WZ08-C,Verarbeitendes Gewerbe,83.0,16.0,99.0
2023-11,2023,November,11,WZ08-D,Energieversorgung,2.0,4.0,6.0
2023-11,2023,November,11,WZ08-E,"Wasserversorg.,Entsorg.,Beseitig.v.Umweltverschm.",3.0,1.0,4.0
2023-11,2023,November,11,WZ08-F,Baugewerbe,185.0,79.0,264.0
2023-11,2023,November,11,WZ08-G,"Handel, Instandhaltung und Reparatur von Kfz",151.0,73.0,224.0
2023-11,2023,November,11,WZ08-H,Verkehr und Lagerei,68.0,34.0,102.0
2023-11,2023,November,11,WZ08-I,Gastgewerbe,105.0,41.0,146.0
2023-11,2023,November,11,WZ08-J,Information und Kommunikation,41.0,16.0,57.0
2023-11,2023,November,11,WZ08-K,Erbringung v. Finanz- u. Versicherungsdienstleist.,17.0,14.0,31.0
2023-11,2023,November,11,WZ08-L,Grundstücks- und Wohnungswesen,48.0,27.0,75.0
2023-11,2023,November,11,WZ08-M,"Freiberufliche, wiss. u. techn. Dienstleistungen",107.0,56.0,163.0
2023-11,2023,November,11,WZ08-N,Sonstige wirtschaftliche Dienstleistungen,113.0,54.0,167.0
2023-11,2023,November,11,WZ08-O,"Öff. Verwaltung, Verteidigung, Sozialversicherung",,,
2023-11,2023,November,11,WZ08-P,Erziehung und Unterricht,15.0,4.0,19.0
2023-11,2023,November,11,WZ08-Q,Gesundheits- und Sozialwesen,48.0,7.0,55.0
2023-11,2023,November,11,WZ08-R,"Kunst, Unterhaltung und Erholung",20.0,5.0,25.0
2023-11,2023,November,11,WZ08-S,Erbringung von sonstigen Dienstleistungen,51.0,13.0,64.0
2023-12,2023,Dezember,12,WZ08-A,"Land- und Forstwirtschaft, Fischerei",5.0,2.0,7.0
2023-12,2023,Dezember,12,WZ08-B,Bergbau und Gewinnung von Steinen und Erden,,,
2023-12,2023,Dezember,12,WZ08-C,Verarbeitendes Gewerbe,93.0,12.0,105.0
2023-12,2023,Dezember,12,WZ08-D,Energieversorgung,6.0,,
2023-12,2023,Dezember,12,WZ08-E,"Wasserversorg.,Entsorg.,Beseitig.v.Umweltverschm.",,1.0,
2023-12,2023,Dezember,12,WZ08-F,Baugewerbe,190.0,68.0,258.0
2023-12,2023,Dezember,12,WZ08-G,"Handel, Instandhaltung und Reparatur von Kfz",180.0,59.0,239.0
2023-12,2023,Dezember,12,WZ08-H,Verkehr und Lagerei,73.0,25.0,98.0
2023-12,2023,Dezember,12,WZ08-I,Gastgewerbe,114.0,26.0,140.0
2023-12,2023,Dezember,12,WZ08-J,Information und Kommunikation,45.0,21.0,66.0
2023-12,2023,Dezember,12,WZ08-K,Erbringung v. Finanz- u. Versicherungsdienstleist.,22.0,13.0,35.0
2023-12,2023,Dezember,12,WZ08-L,Grundstücks- und Wohnungswesen,57.0,21.0,78.0
2023-12,2023,Dezember,12,WZ08-M,"Freiberufliche, wiss. u. techn. Dienstleistungen",119.0,53.0,172.0
2023-12,2023,Dezember,12,WZ08-N,Sonstige wirtschaftliche Dienstleistungen,120.0,35.0,155.0
2023-12,2023,Dezember,12,WZ08-O,"Öff. Verwaltung, Verteidigung, Sozialversicherung",,,
2023-12,2023,Dezember,12,WZ08-P,Erziehung und Unterricht,21.0,4.0,25.0
2023-12,2023,Dezember,12,WZ08-Q,Gesundheits- und Sozialwesen,46.0,7.0,53.0
2023-12,2023,Dezember,12,WZ08-R,"Kunst, Unterhaltung und Erholung",27.0,13.0,40.0
2023-12,2023,Dezember,12,WZ08-S,Erbringung von sonstigen Dienstleistungen,53.0,19.0,72.0
2024-01,2024,Januar,1,WZ08-A,"Land- und Forstwirtschaft, Fischerei",5.0,2.0,7.0
2024-01,2024,Januar,1,WZ08-B,Bergbau und Gewinnung von Steinen und Erden,1.0,,
2024-01,2024,Januar,1,WZ08-C,Verarbeitendes Gewerbe,109.0,20.0,129.0
2024-01,2024,Januar,1,WZ08-D,Energieversorgung,2.0,,
2024-01,2024,Januar,1,WZ08-E,"Wasserversorg.,Entsorg.,Beseitig.v.Umweltverschm.",3.0,,
2024-01,2024,Januar,1,WZ08-F,Baugewerbe,197.0,79.0,276.0
2024-01,2024,Januar,1,WZ08-G,"Handel, Instandhaltung und Reparatur von Kfz",184.0,75.0,259.0
2024-01,2024,Januar,1,WZ08-H,Verkehr und Lagerei,69.0,28.0,97.0
2024-01,2024,Januar,1,WZ08-I,Gastgewerbe,103.0,34.0,137.0
2024-01,2024,Januar,1,WZ08-J,Information und Kommunikation,47.0,24.0,71.0
2024-01,2024,Januar,1,WZ08-K,Erbringung v. Finanz- u. Versicherungsdienstleist.,22.0,11.0,33.0
2024-01,2024,Januar,1,WZ08-L,Grundstücks- und Wohnungswesen,42.0,28.0,70.0
2024-01,2024,Januar,1,WZ08-M,"Freiberufliche, wiss. u. techn. Dienstleistungen",126.0,82.0,208.0
2024-01,2024,Januar,1,WZ08-N,Sonstige wirtschaftliche Dienstleistungen,133.0,49.0,182.0
2024-01,2024,Januar,1,WZ08-O,"Öff. Verwaltung, Verteidigung, Sozialversicherung",,,
2024-01,2024,Januar,1,WZ08-P,Erziehung und Unterricht,16.0,2.0,18.0
2024-01,2024,Januar,1,WZ08-Q,Gesundheits- und Sozialwesen,29.0,3.0,32.0
2024-01,2024,Januar,1,WZ08-R,"Kunst, Unterhaltung und Erholung",17.0,8.0,25.0
2024-01,2024,Januar,1,WZ08-S,Erbringung von sonstigen Dienstleistungen,52.0,20.0,72.0
2024-02,2024,Februar,2,WZ08-A,"Land- und Forstwirtschaft, Fischerei",7.0,1.0,8.0
2024-02,2024,Februar,2,WZ08-B,Bergbau und Gewinnung von Steinen und Erden,,,
2024-02,2024,Februar,2,WZ08-C,Verarbeitendes Gewerbe,157.0,16.0,173.0
2024-02,2024,Februar,2,WZ08-D,Energieversorgung,6.0,2.0,8.0
2024-02,2024,Februar,2,WZ08-E,"Wasserversorg.,Entsorg.,Beseitig.v.Umweltverschm.",4.0,1.0,5.0
2024-02,2024,Februar,2,WZ08-F,Baugewerbe,232.0,78.0,310.0
2024-02,2024,Februar,2,WZ08-G,"Handel, Instandhaltung und Reparatur von Kfz",178.0,89.0,267.0
2024-02,2024,Februar,2,WZ08-H,Verkehr und Lagerei,69.0,27.0,96.0
2024-02,2024,Februar,2,WZ08-I,Gastgewerbe,128.0,39.0,167.0
2024-02,2024,Februar,2,WZ08-J,Information und Kommunikation,45.0,16.0,61.0
2024-02,2024,Februar,2,WZ08-K,Erbringung v. Finanz- u. Versicherungsdienstleist.,27.0,14.0,41.0
2024-02,2024,Februar,2,WZ08-L,Grundstücks- und Wohnungswesen,76.0,31.0,107.0
2024-02,2024,Februar,2,WZ08-M,"Freiberufliche, wiss. u. techn. Dienstleistungen",115.0,71.0,186.0
2024-02,2024,Februar,2,WZ08-N,Sonstige wirtschaftliche Dienstleistungen,127.0,45.0,172.0
2024-02,2024,Februar,2,WZ08-O,"Öff. Verwaltung, Verteidigung, Sozialversicherung",,,
2024-02,2024,Februar,2,WZ08-P,Erziehung und Unterricht,14.0,4.0,18.0
2024-02,2024,Februar,2,WZ08-Q,Gesundheits- und Sozialwesen,42.0,7.0,49.0
2024-02,2024,Februar,2,WZ08-R,"Kunst, Unterhaltung und Erholung",26.0,10.0,36.0
2024-02,2024,Februar,2,WZ08-S,Erbringung von sonstigen Dienstleistungen,64.0,17.0,81.0
2024-03,2024,März,3,WZ08-A,"Land- und Forstwirtschaft, Fischerei",7.0,1.0,8.0
2024-03,2024,März,3,WZ08-B,Bergbau und Gewinnung von Steinen und Erden,,,
2024-03,2024,März,3,WZ08-C,Verarbeitendes Gewerbe,112.0,24.0,136.0
2024-03,2024,März,3,WZ08-D,Energieversorgung,1.0,1.0,2.0
2024-03,2024,März,3,WZ08-E,"Wasserversorg.,Entsorg.,Beseitig.v.Umweltverschm.",5.0,1.0,6.0
2024-03,2024,März,3,WZ08-F,Baugewerbe,246.0,79.0,325.0
2024-03,2024,März,3,WZ08-G,"Handel, Instandhaltung und Reparatur von Kfz",214.0,80.0,294.0
2024-03,2024,März,3,WZ08-H,Verkehr und Lagerei,85.0,37.0,122.0
2024-03,2024,März,3,WZ08-I,Gastgewerbe,122.0,36.0,158.0
2024-03,2024,März,3,WZ08-J,Information und Kommunikation,42.0,27.0,69.0
2024-03,2024,März,3,WZ08-K,Erbringung v. Finanz- u. Versicherungsdienstleist.,42.0,22.0,64.0
2024-03,2024,März,3,WZ08-L,Grundstücks- und Wohnungswesen,79.0,35.0,114.0
2024-03,2024,März,3,WZ08-M,"Freiberufliche, wiss. u. techn. Dienstleistungen",103.0,54.0,157.0
2024-03,2024,März,3,WZ08-N,Sonstige wirtschaftliche Dienstleistungen,127.0,51.0,178.0
2024-03,2024,März,3,WZ08-O,"Öff. Verwaltung, Verteidigung, Sozialversicherung",,,
2024-03,2024,März,3,WZ08-P,Erziehung und Unterricht,13.0,4.0,17.0
2024-03,2024,März,3,WZ08-Q,Gesundheits- und Sozialwesen,56.0,3.0,59.0
2024-03,2024,März,3,WZ08-R,"Kunst, Unterhaltung und Erholung",20.0,7.0,27.0
2024-03,2024,März,3,WZ08-S,Erbringung von sonstigen Dienstleistungen,48.0,18.0,66.0
2024-04,2024,April,4,WZ08-A,"Land- und Forstwirtschaft, Fischerei",8.0,,
2024-04,2024,April,4,WZ08-B,Bergbau und Gewinnung von Steinen und Erden,,,
2024-04,2024,April,4,WZ08-C,Verarbeitendes Gewerbe,123.0,19.0,142.0
2024-04,2024,April,4,WZ08-D,Energieversorgung,3.0,,
2024-04,2024,April,4,WZ08-E,"Wasserversorg.,Entsorg.,Beseitig.v.Umweltverschm.",2.0,,
2024-04,2024,April,4,WZ08-F,Baugewerbe,237.0,93.0,330.0
2024-04,2024,April,4,WZ08-G,"Handel, Instandhaltung und Reparatur von Kfz",207.0,97.0,304.0
2024-04,2024,April,4,WZ08-H,Verkehr und Lagerei,78.0,30.0,108.0
2024-04,2024,April,4,WZ08-I,Gastgewerbe,136.0,37.0,173.0
2024-04,2024,April,4,WZ08-J,Information und Kommunikation,52.0,21.0,73.0
2024-04,2024,April,4,WZ08-K,Erbringung v. Finanz- u. Versicherungsdienstleist.,31.0,17.0,48.0
2024-04,2024,April,4,WZ08-L,Grundstücks- und Wohnungswesen,68.0,32.0,100.0
2024-04,2024,April,4,WZ08-M,"Freiberufliche, wiss. u. techn. Dienstleistungen",148.0,81.0,229.0
2024-04,2024,April,4,WZ08-N,Sonstige wirtschaftliche Dienstleistungen,140.0,58.0,198.0
2024-04,2024,April,4,WZ08-O,"Öff. Verwaltung, Verteidigung, Sozialversicherung",,,
2024-04,2024,April,4,WZ08-P,Erziehung und Unterricht,16.0,1.0,17.0
2024-04,2024,April,4,WZ08-Q,Gesundheits- und Sozialwesen,64.0,5.0,69.0
2024-04,2024,April,4,WZ08-R,"Kunst, Unterhaltung und Erholung",14.0,10.0,24.0
2024-04,2024,April,4,WZ08-S,Erbringung von sonstigen Dienstleistungen,58.0,20.0,78.0
2024-05,2024,Mai,5,WZ08-A,"Land- und Forstwirtschaft, Fischerei",6.0,1.0,7.0
2024-05,2024,Mai,5,WZ08-B,Bergbau und Gewinnung von Steinen und Erden,,1.0,
2024-05,2024,Mai,5,WZ08-C,Verarbeitendes Gewerbe,129.0,18.0,147.0
2024-05,2024,Mai,5,WZ08-D,Energieversorgung,1.0,,
2024-05,2024,Mai,5,WZ08-E,"Wasserversorg.,Entsorg.,Beseitig.v.Umweltverschm.",3.0,,
2024-05,2024,Mai,5,WZ08-F,Baugewerbe,245.0,85.0,330.0
2024-05,2024,Mai,5,WZ08-G,"Handel, Instandhaltung und Reparatur von Kfz",220.0,74.0,294.0
2024-05,2024,Mai,5,WZ08-H,Verkehr und Lagerei,99.0,31.0,130.0
2024-05,2024,Mai,5,WZ08-I,Gastgewerbe,128.0,45.0,173.0
2024-05,2024,Mai,5,WZ08-J,Information und Kommunikation,41.0,22.0,63.0
2024-05,2024,Mai,5,WZ08-K,Erbringung v. Finanz- u. Versicherungsdienstleist.,32.0,13.0,45.0
2024-05,2024,Mai,5,WZ08-L,Grundstücks- und Wohnungswesen,94.0,25.0,119.0
2024-05,2024,Mai,5,WZ08-M,"Freiberufliche, wiss. u. techn. Dienstleistungen",121.0,66.0,187.0
2024-05,2024,Mai,5,WZ08-N,Sonstige wirtschaftliche Dienstleistungen,148.0,61.0,209.0
2024-05,2024,Mai,5,WZ08-O,"Öff. Verwaltung, Verteidigung, Sozialversicherung",,,
2024-05,2024,Mai,5,WZ08-P,Erziehung und Unterricht,22.0,3.0,25.0
2024-05,2024,Mai,5,WZ08-Q,Gesundheits- und Sozialwesen,61.0,7.0,68.0
2024-05,2024,Mai,5,WZ08-R,"Kunst, Unterhaltung und Erholung",42.0,11.0,53.0
2024-05,2024,Mai,5,WZ08-S,Erbringung von sonstigen Dienstleistungen,56.0,23.0,79.0
2024-06,2024,Juni,6,WZ08-A,"Land- und Forstwirtschaft, Fischerei",2.0,1.0,3.0
2024-06,2024,Juni,6,WZ08-B,Bergbau und Gewinnung von Steinen und Erden,,,
2024-06,2024,Juni,6,WZ08-C,Verarbeitendes Gewerbe,111.0,32.0,143.0
2024-06,2024,Juni,6,WZ08-D,Energieversorgung,,7.0,
2024-06,2024,Juni,6,WZ08-E,"Wasserversorg.,Entsorg.,Beseitig.v.Umweltverschm.",1.0,2.0,3.0
2024-06,2024,Juni,6,WZ08-F,Baugewerbe,201.0,65.0,266.0
2024-06,2024,Juni,6,WZ08-G,"Handel, Instandhaltung und Reparatur von Kfz",185.0,84.0,269.0
2024-06,2024,Juni,6,WZ08-H,Verkehr und Lagerei,72.0,24.0,96.0
2024-06,2024,Juni,6,WZ08-I,Gastgewerbe,109.0,42.0,151.0
2024-06,2024,Juni,6,WZ08-J,Information und Kommunikation,45.0,17.0,62.0
2024-06,2024,Juni,6,WZ08-K,Erbringung v. Finanz- u. Versicherungsdienstleist.,25.0,19.0,44.0
2024-06,2024,Juni,6,WZ08-L,Grundstücks- und Wohnungswesen,65.0,28.0,93.0
2024-06,2024,Juni,6,WZ08-M,"Freiberufliche, wiss. u. techn. Dienstleistungen",109.0,73.0,182.0
2024-06,2024,Juni,6,WZ08-N,Sonstige wirtschaftliche Dienstleistungen,106.0,39.0,145.0
2024-06,2024,Juni,6,WZ08-O,"Öff. Verwaltung, Verteidigung, Sozialversicherung",,,
2024-06,2024,Juni,6,WZ08-P,Erziehung und Unterricht,13.0,5.0,18.0
2024-06,2024,Juni,6,WZ08-Q,Gesundheits- und Sozialwesen,45.0,5.0,50.0
2024-06,2024,Juni,6,WZ08-R,"Kunst, Unterhaltung und Erholung",34.0,11.0,45.0
2024-06,2024,Juni,6,WZ08-S,Erbringung von sonstigen Dienstleistungen,56.0,20.0,76.0
2024-07,2024,Juli,7,WZ08-A,"Land- und Forstwirtschaft, Fischerei",8.0,1.0,9.0
2024-07,2024,Juli,7,WZ08-B,Bergbau und Gewinnung von Steinen und Erden,1.0,,
2024-07,2024,Juli,7,WZ08-C,Verarbeitendes Gewerbe,126.0,23.0,149.0
2024-07,2024,Juli,7,WZ08-D,Energieversorgung,4.0,8.0,12.0
2024-07,2024,Juli,7,WZ08-E,"Wasserversorg.,Entsorg.,Beseitig.v.Umweltverschm.",1.0,4.0,5.0
2024-07,2024,Juli,7,WZ08-F,Baugewerbe,243.0,88.0,331.0
2024-07,2024,Juli,7,WZ08-G,"Handel, Instandhaltung und Reparatur von Kfz",199.0,94.0,293.0
2024-07,2024,Juli,7,WZ08-H,Verkehr und Lagerei,89.0,26.0,115.0
2024-07,2024,Juli,7,WZ08-I,Gastgewerbe,125.0,45.0,170.0
2024-07,2024,Juli,7,WZ08-J,Information und Kommunikation,68.0,24.0,92.0
2024-07,2024,Juli,7,WZ08-K,Erbringung v. Finanz- u. Versicherungsdienstleist.,33.0,22.0,55.0
2024-07,2024,Juli,7,WZ08-L,Grundstücks- und Wohnungswesen,73.0,34.0,107.0
2024-07,2024,Juli,7,WZ08-M,"Freiberufliche, wiss. u. techn. Dienstleistungen",135.0,78.0,213.0
2024-07,2024,Juli,7,WZ08-N,Sonstige wirtschaftliche Dienstleistungen,121.0,61.0,182.0
2024-07,2024,Juli,7,WZ08-O,"Öff. Verwaltung, Verteidigung, Sozialversicherung",,,
2024-07,2024,Juli,7,WZ08-P,Erziehung und Unterricht,25.0,11.0,36.0
2024-07,2024,Juli,7,WZ08-Q,Gesundheits- und Sozialwesen,46.0,11.0,57.0
2024-07,2024,Juli,7,WZ08-R,"Kunst, Unterhaltung und Erholung",30.0,8.0,38.0
2024-07,2024,Juli,7,WZ08-S,Erbringung von sonstigen Dienstleistungen,52.0,20.0,72.0
2024-08,2024,August,8,WZ08-A,"Land- und Forstwirtschaft, Fischerei",2.0,1.0,3.0
2024-08,2024,August,8,WZ08-B,Bergbau und Gewinnung von Steinen und Erden,,,
2024-08,2024,August,8,WZ08-C,Verarbeitendes Gewerbe,115.0,14.0,129.0
2024-08,2024,August,8,WZ08-D,Energieversorgung,5.0,14.0,19.0
2024-08,2024,August,8,WZ08-E,"Wasserversorg.,Entsorg.,Beseitig.v.Umweltverschm.",2.0,1.0,3.0
2024-08,2024,August,8,WZ08-F,Baugewerbe,202.0,79.0,281.0
2024-08,2024,August,8,WZ08-G,"Handel, Instandhaltung und Reparatur von Kfz",205.0,95.0,300.0
2024-08,2024,August,8,WZ08-H,Verkehr und Lagerei,65.0,33.0,98.0
2024-08,2024,August,8,WZ08-I,Gastgewerbe,130.0,54.0,184.0
2024-08,2024,August,8,WZ08-J,Information und Kommunikation,40.0,20.0,60.0
2024-08,2024,August,8,WZ08-K,Erbringung v. Finanz- u. Versicherungsdienstleist.,25.0,15.0,40.0
2024-08,2024,August,8,WZ08-L,Grundstücks- und Wohnungswesen,66.0,23.0,89.0
2024-08,2024,August,8,WZ08-M,"Freiberufliche, wiss. u. techn. Dienstleistungen",126.0,84.0,210.0
2024-08,2024,August,8,WZ08-N,Sonstige wirtschaftliche Dienstleistungen,114.0,55.0,169.0
2024-08,2024,August,8,WZ08-O,"Öff. Verwaltung, Verteidigung, Sozialversicherung",,,
2024-08,2024,August,8,WZ08-P,Erziehung und Unterricht,16.0,7.0,23.0
2024-08,2024,August,8,WZ08-Q,Gesundheits- und Sozialwesen,51.0,6.0,57.0
2024-08,2024,August,8,WZ08-R,"Kunst, Unterhaltung und Erholung",26.0,12.0,38.0
2024-08,2024,August,8,WZ08-S,Erbringung von sonstigen Dienstleistungen,47.0,14.0,61.0
2024-09,2024,September,9,WZ08-A,"Land- und Forstwirtschaft, Fischerei",10.0,2.0,12.0
2024-09,2024,September,9,WZ08-B,Bergbau und Gewinnung von Steinen und Erden,,,
2024-09,2024,September,9,WZ08-C,Verarbeitendes Gewerbe,111.0,19.0,130.0
2024-09,2024,September,9,WZ08-D,Energieversorgung,6.0,,
2024-09,2024,September,9,WZ08-E,"Wasserversorg.,Entsorg.,Beseitig.v.Umweltverschm.",4.0,,
2024-09,2024,September,9,WZ08-F,Baugewerbe,227.0,96.0,323.0
2024-09,2024,September,9,WZ08-G,"Handel, Instandhaltung und Reparatur von Kfz",203.0,73.0,276.0
2024-09,2024,September,9,WZ08-H,Verkehr und Lagerei,69.0,42.0,111.0
2024-09,2024,September,9,WZ08-I,Gastgewerbe,125.0,54.0,179.0
2024-09,2024,September,9,WZ08-J,Information und Kommunikation,55.0,26.0,81.0
2024-09,2024,September,9,WZ08-K,Erbringung v. Finanz- u. Versicherungsdienstleist.,31.0,23.0,54.0
2024-09,2024,September,9,WZ08-L,Grundstücks- und Wohnungswesen,63.0,30.0,93.0
2024-09,2024,September,9,WZ08-M,"Freiberufliche, wiss. u. techn. Dienstleistungen",108.0,80.0,188.0
2024-09,2024,September,9,WZ08-N,Sonstige wirtschaftliche Dienstleistungen,114.0,64.0,178.0
2024-09,2024,September,9,WZ08-O,"Öff. Verwaltung, Verteidigung, Sozialversicherung",,,
2024-09,2024,September,9,WZ08-P,Erziehung und Unterricht,14.0,6.0,20.0
2024-09,2024,September,9,WZ08-Q,Gesundheits- und Sozialwesen,50.0,5.0,55.0
2024-09,2024,September,9,WZ08-R,"Kunst, Unterhaltung und Erholung",20.0,9.0,29.0
2024-09,2024,September,9,WZ08-S,Erbringung von sonstigen Dienstleistungen,63.0,17.0,80.0
2024-10,2024,Oktober,10,WZ08-A,"Land- und Forstwirtschaft, Fischerei",5.0,,
2024-10,2024,Oktober,10,WZ08-B,Bergbau und Gewinnung von Steinen und Erden,,,
2024-10,2024,Oktober,10,WZ08-C,Verarbeitendes Gewerbe,119.0,16.0,135.0
2024-10,2024,Oktober,10,WZ08-D,Energieversorgung,4.0,4.0,8.0
2024-10,2024,Oktober,10,WZ08-E,"Wasserversorg.,Entsorg.,Beseitig.v.Umweltverschm.",6.0,2.0,8.0
2024-10,2024,Oktober,10,WZ08-F,Baugewerbe,230.0,115.0,345.0
2024-10,2024,Oktober,10,WZ08-G,"Handel, Instandhaltung und Reparatur von Kfz",239.0,85.0,324.0
2024-10,2024,Oktober,10,WZ08-H,Verkehr und Lagerei,89.0,34.0,123.0
2024-10,2024,Oktober,10,WZ08-I,Gastgewerbe,130.0,55.0,185.0
2024-10,2024,Oktober,10,WZ08-J,Information und Kommunikation,61.0,17.0,78.0
2024-10,2024,Oktober,10,WZ08-K,Erbringung v. Finanz- u. Versicherungsdienstleist.,25.0,28.0,53.0
2024-10,2024,Oktober,10,WZ08-L,Grundstücks- und Wohnungswesen,59.0,31.0,90.0
2024-10,2024,Oktober,10,WZ08-M,"Freiberufliche, wiss. u. techn. Dienstleistungen",198.0,83.0,281.0
2024-10,2024,Oktober,10,WZ08-N,Sonstige wirtschaftliche Dienstleistungen,122.0,63.0,185.0
2024-10,2024,Oktober,10,WZ08-O,"Öff. Verwaltung, Verteidigung, Sozialversicherung",,,
2024-10,2024,Oktober,10,WZ08-P,Erziehung und Unterricht,24.0,6.0,30.0
2024-10,2024,Oktober,10,WZ08-Q,Gesundheits- und Sozialwesen,56.0,8.0,64.0
2024-10,2024,Oktober,10,WZ08-R,"Kunst, Unterhaltung und Erholung",31.0,14.0,45.0
2024-10,2024,Oktober,10,WZ08-S,Erbringung von sonstigen Dienstleistungen,33.0,20.0,53.0
2024-11,2024,November,11,WZ08-A,"Land- und Forstwirtschaft, Fischerei",3.0,2.0,5.0
2024-11,2024,November,11,WZ08-B,Bergbau und Gewinnung von Steinen und Erden,1.0,,
2024-11,2024,November,11,WZ08-C,Verarbeitendes Gewerbe,126.0,17.0,143.0
2024-11,2024,November,11,WZ08-D,Energieversorgung,4.0,1.0,5.0
2024-11,2024,November,11,WZ08-E,"Wasserversorg.,Entsorg.,Beseitig.v.Umweltverschm.",3.0,1.0,4.0
2024-11,2024,November,11,WZ08-F,Baugewerbe,201.0,88.0,289.0
2024-11,2024,November,11,WZ08-G,"Handel, Instandhaltung und Reparatur von Kfz",188.0,76.0,264.0
2024-11,2024,November,11,WZ08-H,Verkehr und Lagerei,71.0,25.0,96.0
2024-11,2024,November,11,WZ08-I,Gastgewerbe,121.0,42.0,163.0
2024-11,2024,November,11,WZ08-J,Information und Kommunikation,50.0,26.0,76.0
2024-11,2024,November,11,WZ08-K,Erbringung v. Finanz- u. Versicherungsdienstleist.,32.0,11.0,43.0
2024-11,2024,November,11,WZ08-L,Grundstücks- und Wohnungswesen,66.0,45.0,111.0
2024-11,2024,November,11,WZ08-M,"Freiberufliche, wiss. u. techn. Dienstleistungen",131.0,108.0,239.0
2024-11,2024,November,11,WZ08-N,Sonstige wirtschaftliche Dienstleistungen,116.0,58.0,174.0
2024-11,2024,November,11,WZ08-O,"Öff. Verwaltung, Verteidigung, Sozialversicherung",,,
2024-11,2024,November,11,WZ08-P,Erziehung und Unterricht,19.0,4.0,23.0
2024-11,2024,November,11,WZ08-Q,Gesundheits- und Sozialwesen,41.0,7.0,48.0
2024-11,2024,November,11,WZ08-R,"Kunst, Unterhaltung und Erholung",26.0,12.0,38.0
2024-11,2024,November,11,WZ08-S,Erbringung von sonstigen Dienstleistungen,46.0,19.0,65.0
2024-12,2024,Dezember,12,WZ08-A,"Land- und Forstwirtschaft, Fischerei",6.0,1.0,7.0
2024-12,2024,Dezember,12,WZ08-B,Bergbau und Gewinnung von Steinen und Erden,1.0,,
2024-12,2024,Dezember,12,WZ08-C,Verarbeitendes Gewerbe,129.0,26.0,155.0
2024-12,2024,Dezember,12,WZ08-D,Energieversorgung,2.0,2.0,4.0
2024-12,2024,Dezember,12,WZ08-E,"Wasserversorg.,Entsorg.,Beseitig.v.Umweltverschm.",4.0,5.0,9.0
2024-12,2024,Dezember,12,WZ08-F,Baugewerbe,191.0,99.0,290.0
2024-12,2024,Dezember,12,WZ08-G,"Handel, Instandhaltung und Reparatur von Kfz",187.0,77.0,264.0
2024-12,2024,Dezember,12,WZ08-H,Verkehr und Lagerei,74.0,31.0,105.0
2024-12,2024,Dezember,12,WZ08-I,Gastgewerbe,124.0,50.0,174.0
2024-12,2024,Dezember,12,WZ08-J,Information und Kommunikation,51.0,23.0,74.0
2024-12,2024,Dezember,12,WZ08-K,Erbringung v. Finanz- u. Versicherungsdienstleist.,22.0,13.0,35.0
2024-12,2024,Dezember,12,WZ08-L,Grundstücks- und Wohnungswesen,60.0,30.0,90.0
2024-12,2024,Dezember,12,WZ08-M,"Freiberufliche, wiss. u. techn. Dienstleistungen",147.0,74.0,221.0
2024-12,2024,Dezember,12,WZ08-N,Sonstige wirtschaftliche Dienstleistungen,124.0,48.0,172.0
2024-12,2024,Dezember,12,WZ08-O,"Öff. Verwaltung, Verteidigung, Sozialversicherung",,,
2024-12,2024,Dezember,12,WZ08-P,Erziehung und Unterricht,22.0,5.0,27.0
2024-12,2024,Dezember,12,WZ08-Q,Gesundheits- und Sozialwesen,48.0,10.0,58.0
2024-12,2024,Dezember,12,WZ08-R,"Kunst, Unterhaltung und Erholung",27.0,8.0,35.0
2024-12,2024,Dezember,12,WZ08-S,Erbringung von sonstigen Dienstleistungen,57.0,13.0,70.0
2025-01,2025,Januar,1,WZ08-A,"Land- und Forstwirtschaft, Fischerei",8.0,,
2025-01,2025,Januar,1,WZ08-B,Bergbau und Gewinnung von Steinen und Erden,,,
2025-01,2025,Januar,1,WZ08-C,Verarbeitendes Gewerbe,124.0,27.0,151.0
2025-01,2025,Januar,1,WZ08-D,Energieversorgung,2.0,3.0,5.0
2025-01,2025,Januar,1,WZ08-E,"Wasserversorg.,Entsorg.,Beseitig.v.Umweltverschm.",2.0,1.0,3.0
2025-01,2025,Januar,1,WZ08-F,Baugewerbe,212.0,96.0,308.0
2025-01,2025,Januar,1,WZ08-G,"Handel, Instandhaltung und Reparatur von Kfz",215.0,86.0,301.0
2025-01,2025,Januar,1,WZ08-H,Verkehr und Lagerei,66.0,32.0,98.0
2025-01,2025,Januar,1,WZ08-I,Gastgewerbe,129.0,52.0,181.0
2025-01,2025,Januar,1,WZ08-J,Information und Kommunikation,51.0,22.0,73.0
2025-01,2025,Januar,1,WZ08-K,Erbringung v. Finanz- u. Versicherungsdienstleist.,22.0,25.0,47.0
2025-01,2025,Januar,1,WZ08-L,Grundstücks- und Wohnungswesen,51.0,27.0,78.0
2025-01,2025,Januar,1,WZ08-M,"Freiberufliche, wiss. u. techn. Dienstleistungen",128.0,89.0,217.0
2025-01,2025,Januar,1,WZ08-N,Sonstige wirtschaftliche Dienstleistungen,119.0,70.0,189.0
2025-01,2025,Januar,1,WZ08-O,"Öff. Verwaltung, Verteidigung, Sozialversicherung",,,
2025-01,2025,Januar,1,WZ08-P,Erziehung und Unterricht,13.0,2.0,15.0
2025-01,2025,Januar,1,WZ08-Q,Gesundheits- und Sozialwesen,44.0,10.0,54.0
2025-01,2025,Januar,1,WZ08-R,"Kunst, Unterhaltung und Erholung",27.0,12.0,39.0
2025-01,2025,Januar,1,WZ08-S,Erbringung von sonstigen Dienstleistungen,43.0,20.0,63.0
2025-02,2025,Februar,2,WZ08-A,"Land- und Forstwirtschaft, Fischerei",10.0,,
2025-02,2025,Februar,2,WZ08-B,Bergbau und Gewinnung von Steinen und Erden,,,
2025-02,2025,Februar,2,WZ08-C,Verarbeitendes Gewerbe,151.0,28.0,179.0
2025-02,2025,Februar,2,WZ08-D,Energieversorgung,11.0,1.0,12.0
2025-02,2025,Februar,2,WZ08-E,"Wasserversorg.,Entsorg.,Beseitig.v.Umweltverschm.",1.0,,
2025-02,2025,Februar,2,WZ08-F,Baugewerbe,227.0,119.0,346.0
2025-02,2025,Februar,2,WZ08-G,"Handel, Instandhaltung und Reparatur von Kfz",234.0,98.0,332.0
2025-02,2025,Februar,2,WZ08-H,Verkehr und Lagerei,79.0,28.0,107.0
2025-02,2025,Februar,2,WZ08-I,Gastgewerbe,155.0,58.0,213.0
2025-02,2025,Februar,2,WZ08-J,Information und Kommunikation,50.0,32.0,82.0
2025-02,2025,Februar,2,WZ08-K,Erbringung v. Finanz- u. Versicherungsdienstleist.,19.0,27.0,46.0
2025-02,2025,Februar,2,WZ08-L,Grundstücks- und Wohnungswesen,61.0,31.0,92.0
2025-02,2025,Februar,2,WZ08-M,"Freiberufliche, wiss. u. techn. Dienstleistungen",150.0,78.0,228.0
2025-02,2025,Februar,2,WZ08-N,Sonstige wirtschaftliche Dienstleistungen,153.0,69.0,222.0
2025-02,2025,Februar,2,WZ08-O,"Öff. Verwaltung, Verteidigung, Sozialversicherung",,,
2025-02,2025,Februar,2,WZ08-P,Erziehung und Unterricht,18.0,10.0,28.0
2025-02,2025,Februar,2,WZ08-Q,Gesundheits- und Sozialwesen,47.0,5.0,52.0
2025-02,2025,Februar,2,WZ08-R,"Kunst, Unterhaltung und Erholung",19.0,8.0,27.0
2025-02,2025,Februar,2,WZ08-S,Erbringung von sonstigen Dienstleistungen,67.0,24.0,91.0
2025-03,2025,März,3,WZ08-A,"Land- und Forstwirtschaft, Fischerei",6.0,1.0,7.0
2025-03,2025,März,3,WZ08-B,Bergbau und Gewinnung von Steinen und Erden,,,
2025-03,2025,März,3,WZ08-C,Verarbeitendes Gewerbe,137.0,28.0,165.0
2025-03,2025,März,3,WZ08-D,Energieversorgung,1.0,2.0,3.0
2025-03,2025,März,3,WZ08-E,"Wasserversorg.,Entsorg.,Beseitig.v.Umweltverschm.",,1.0,
2025-03,2025,März,3,WZ08-F,Baugewerbe,230.0,105.0,335.0
2025-03,2025,März,3,WZ08-G,"Handel, Instandhaltung und Reparatur von Kfz",231.0,97.0,328.0
2025-03,2025,März,3,WZ08-H,Verkehr und Lagerei,80.0,28.0,108.0
2025-03,2025,März,3,WZ08-I,Gastgewerbe,148.0,48.0,196.0
2025-03,2025,März,3,WZ08-J,Information und Kommunikation,51.0,20.0,71.0
2025-03,2025,März,3,WZ08-K,Erbringung v. Finanz- u. Versicherungsdienstleist.,27.0,29.0,56.0
2025-03,2025,März,3,WZ08-L,Grundstücks- und Wohnungswesen,66.0,30.0,96.0
2025-03,2025,März,3,WZ08-M,"Freiberufliche, wiss. u. techn. Dienstleistungen",155.0,79.0,234.0
2025-03,2025,März,3,WZ08-N,Sonstige wirtschaftliche Dienstleistungen,158.0,55.0,213.0
2025-03,2025,März,3,WZ08-O,"Öff. Verwaltung, Verteidigung, Sozialversicherung",,,
2025-03,2025,März,3,WZ08-P,Erziehung und Unterricht,22.0,4.0,26.0
2025-03,2025,März,3,WZ08-Q,Gesundheits- und Sozialwesen,41.0,16.0,57.0
2025-03,2025,März,3,WZ08-R,"Kunst, Unterhaltung und Erholung",24.0,12.0,36.0
2025-03,2025,März,3,WZ08-S,Erbringung von sonstigen Dienstleistungen,49.0,12.0,61.0
2025-04,2025,April,4,WZ08-A,"Land- und Forstwirtschaft, Fischerei",7.0,5.0,12.0
2025-04,2025,April,4,WZ08-B,Bergbau und Gewinnung von Steinen und Erden,,,
2025-04,2025,April,4,WZ08-C,Verarbeitendes Gewerbe,164.0,20.0,184.0
2025-04,2025,April,4,WZ08-D,Energieversorgung,6.0,,
2025-04,2025,April,4,WZ08-E,"Wasserversorg.,Entsorg.,Beseitig.v.Umweltverschm.",1.0,1.0,2.0
2025-04,2025,April,4,WZ08-F,Baugewerbe,267.0,115.0,382.0
2025-04,2025,April,4,WZ08-G,"Handel, Instandhaltung und Reparatur von Kfz",217.0,99.0,316.0
2025-04,2025,April,4,WZ08-H,Verkehr und Lagerei,83.0,37.0,120.0
2025-04,2025,April,4,WZ08-I,Gastgewerbe,168.0,64.0,232.0
2025-04,2025,April,4,WZ08-J,Information und Kommunikation,53.0,22.0,75.0
2025-04,2025,April,4,WZ08-K,Erbringung v. Finanz- u. Versicherungsdienstleist.,26.0,27.0,53.0
2025-04,2025,April,4,WZ08-L,Grundstücks- und Wohnungswesen,56.0,49.0,105.0
2025-04,2025,April,4,WZ08-M,"Freiberufliche, wiss. u. techn. Dienstleistungen",144.0,99.0,243.0
2025-04,2025,April,4,WZ08-N,Sonstige wirtschaftliche Dienstleistungen,151.0,56.0,207.0
2025-04,2025,April,4,WZ08-O,"Öff. Verwaltung, Verteidigung, Sozialversicherung",,,
2025-04,2025,April,4,WZ08-P,Erziehung und Unterricht,13.0,4.0,17.0
2025-04,2025,April,4,WZ08-Q,Gesundheits- und Sozialwesen,57.0,7.0,64.0
2025-04,2025,April,4,WZ08-R,"Kunst, Unterhaltung und Erholung",24.0,9.0,33.0
2025-04,2025,April,4,WZ08-S,Erbringung von sonstigen Dienstleistungen,51.0,23.0,74.0
2025-05,2025,Mai,5,WZ08-A,"Land- und Forstwirtschaft, Fischerei",12.0,2.0,14.0
2025-05,2025,Mai,5,WZ08-B,Bergbau und Gewinnung von Steinen und Erden,,1.0,
2025-05,2025,Mai,5,WZ08-C,Verarbeitendes Gewerbe,127.0,21.0,148.0
2025-05,2025,Mai,5,WZ08-D,Energieversorgung,4.0,4.0,8.0
2025-05,2025,Mai,5,WZ08-E,"Wasserversorg.,Entsorg.,Beseitig.v.Umweltverschm.",2.0,2.0,4.0
2025-05,2025,Mai,5,WZ08-F,Baugewerbe,261.0,104.0,365.0
2025-05,2025,Mai,5,WZ08-G,"Handel, Instandhaltung und Reparatur von Kfz",200.0,102.0,302.0
2025-05,2025,Mai,5,WZ08-H,Verkehr und Lagerei,84.0,32.0,116.0
2025-05,2025,Mai,5,WZ08-I,Gastgewerbe,141.0,73.0,214.0
2025-05,2025,Mai,5,WZ08-J,Information und Kommunikation,58.0,34.0,92.0
2025-05,2025,Mai,5,WZ08-K,Erbringung v. Finanz- u. Versicherungsdienstleist.,21.0,22.0,43.0
2025-05,2025,Mai,5,WZ08-L,Grundstücks- und Wohnungswesen,48.0,35.0,83.0
2025-05,2025,Mai,5,WZ08-M,"Freiberufliche, wiss. u. techn. Dienstleistungen",135.0,84.0,219.0
2025-05,2025,Mai,5,WZ08-N,Sonstige wirtschaftliche Dienstleistungen,140.0,64.0,204.0
2025-05,2025,Mai,5,WZ08-O,"Öff. Verwaltung, Verteidigung, Sozialversicherung",,,
2025-05,2025,Mai,5,WZ08-P,Erziehung und Unterricht,25.0,6.0,31.0
2025-05,2025,Mai,5,WZ08-Q,Gesundheits- und Sozialwesen,56.0,8.0,64.0
2025-05,2025,Mai,5,WZ08-R,"Kunst, Unterhaltung und Erholung",36.0,8.0,44.0
2025-05,2025,Mai,5,WZ08-S,Erbringung von sonstigen Dienstleistungen,59.0,25.0,84.0
2025-06,2025,Juni,6,WZ08-A,"Land- und Forstwirtschaft, Fischerei",6.0,1.0,7.0
2025-06,2025,Juni,6,WZ08-B,Bergbau und Gewinnung von Steinen und Erden,,,
2025-06,2025,Juni,6,WZ08-C,Verarbeitendes Gewerbe,137.0,28.0,165.0
2025-06,2025,Juni,6,WZ08-D,Energieversorgung,2.0,1.0,3.0
2025-06,2025,Juni,6,WZ08-E,"Wasserversorg.,Entsorg.,Beseitig.v.Umweltverschm.",1.0,1.0,2.0
2025-06,2025,Juni,6,WZ08-F,Baugewerbe,202.0,96.0,298.0
2025-06,2025,Juni,6,WZ08-G,"Handel, Instandhaltung und Reparatur von Kfz",213.0,108.0,321.0
2025-06,2025,Juni,6,WZ08-H,Verkehr und Lagerei,102.0,36.0,138.0
2025-06,2025,Juni,6,WZ08-I,Gastgewerbe,163.0,53.0,216.0
2025-06,2025,Juni,6,WZ08-J,Information und Kommunikation,51.0,30.0,81.0
2025-06,2025,Juni,6,WZ08-K,Erbringung v. Finanz- u. Versicherungsdienstleist.,20.0,21.0,41.0
2025-06,2025,Juni,6,WZ08-L,Grundstücks- und Wohnungswesen,41.0,42.0,83.0
2025-06,2025,Juni,6,WZ08-M,"Freiberufliche, wiss. u. techn. Dienstleistungen",120.0,93.0,213.0
2025-06,2025,Juni,6,WZ08-N,Sonstige wirtschaftliche Dienstleistungen,128.0,60.0,188.0
2025-06,2025,Juni,6,WZ08-O,"Öff. Verwaltung, Verteidigung, Sozialversicherung",,,
2025-06,2025,Juni,6,WZ08-P,Erziehung und Unterricht,19.0,3.0,22.0
2025-06,2025,Juni,6,WZ08-Q,Gesundheits- und Sozialwesen,55.0,10.0,65.0
2025-06,2025,Juni,6,WZ08-R,"Kunst, Unterhaltung und Erholung",30.0,12.0,42.0
2025-06,2025,Juni,6,WZ08-S,Erbringung von sonstigen Dienstleistungen,56.0,16.0,72.0
2025-07,2025,Juli,7,WZ08-A,"Land- und Forstwirtschaft, Fischerei",14.0,3.0,17.0
2025-07,2025,Juli,7,WZ08-B,Bergbau und Gewinnung von Steinen und Erden,1.0,,
2025-07,2025,Juli,7,WZ08-C,Verarbeitendes Gewerbe,118.0,30.0,148.0
2025-07,2025,Juli,7,WZ08-D,Energieversorgung,2.0,1.0,3.0
2025-07,2025,Juli,7,WZ08-E,"Wasserversorg.,Entsorg.,Beseitig.v.Umweltverschm.",2.0,1.0,3.0
2025-07,2025,Juli,7,WZ08-F,Baugewerbe,234.0,129.0,363.0
2025-07,2025,Juli,7,WZ08-G,"Handel, Instandhaltung und Reparatur von Kfz",242.0,119.0,361.0
2025-07,2025,Juli,7,WZ08-H,Verkehr und Lagerei,97.0,38.0,135.0
2025-07,2025,Juli,7,WZ08-I,Gastgewerbe,164.0,72.0,236.0
2025-07,2025,Juli,7,WZ08-J,Information und Kommunikation,42.0,34.0,76.0
2025-07,2025,Juli,7,WZ08-K,Erbringung v. Finanz- u. Versicherungsdienstleist.,36.0,28.0,64.0
2025-07,2025,Juli,7,WZ08-L,Grundstücks- und Wohnungswesen,76.0,27.0,103.0
2025-07,2025,Juli,7,WZ08-M,"Freiberufliche, wiss. u. techn. Dienstleistungen",152.0,98.0,250.0
2025-07,2025,Juli,7,WZ08-N,Sonstige wirtschaftliche Dienstleistungen,158.0,79.0,237.0
2025-07,2025,Juli,7,WZ08-O,"Öff. Verwaltung, Verteidigung, Sozialversicherung",,,
2025-07,2025,Juli,7,WZ08-P,Erziehung und Unterricht,20.0,9.0,29.0
2025-07,2025,Juli,7,WZ08-Q,Gesundheits- und Sozialwesen,44.0,12.0,56.0
2025-07,2025,Juli,7,WZ08-R,"Kunst, Unterhaltung und Erholung",33.0,14.0,47.0
2025-07,2025,Juli,7,WZ08-S,Erbringung von sonstigen Dienstleistungen,47.0,21.0,68.0
2025-08,2025,August,8,WZ08-A,"Land- und Forstwirtschaft, Fischerei",7.0,2.0,9.0
2025-08,2025,August,8,WZ08-B,Bergbau und Gewinnung von Steinen und Erden,,,
2025-08,2025,August,8,WZ08-C,Verarbeitendes Gewerbe,139.0,24.0,163.0
2025-08,2025,August,8,WZ08-D,Energieversorgung,9.0,,
2025-08,2025,August,8,WZ08-E,"Wasserversorg.,Entsorg.,Beseitig.v.Umweltverschm.",4.0,1.0,5.0
2025-08,2025,August,8,WZ08-F,Baugewerbe,229.0,118.0,347.0
2025-08,2025,August,8,WZ08-G,"Handel, Instandhaltung und Reparatur von Kfz",201.0,110.0,311.0
2025-08,2025,August,8,WZ08-H,Verkehr und Lagerei,78.0,30.0,108.0
2025-08,2025,August,8,WZ08-I,Gastgewerbe,135.0,60.0,195.0
2025-08,2025,August,8,WZ08-J,Information und Kommunikation,60.0,21.0,81.0
2025-08,2025,August,8,WZ08-K,Erbringung v. Finanz- u. Versicherungsdienstleist.,24.0,28.0,52.0
2025-08,2025,August,8,WZ08-L,Grundstücks- und Wohnungswesen,55.0,39.0,94.0
2025-08,2025,August,8,WZ08-M,"Freiberufliche, wiss. u. techn. Dienstleistungen",141.0,97.0,238.0
2025-08,2025,August,8,WZ08-N,Sonstige wirtschaftliche Dienstleistungen,117.0,65.0,182.0
2025-08,2025,August,8,WZ08-O,"Öff. Verwaltung, Verteidigung, Sozialversicherung",,,
2025-08,2025,August,8,WZ08-P,Erziehung und Unterricht,18.0,7.0,25.0
2025-08,2025,August,8,WZ08-Q,Gesundheits- und Sozialwesen,42.0,10.0,52.0
2025-08,2025,August,8,WZ08-R,"Kunst, Unterhaltung und Erholung",30.0,9.0,39.0
2025-08,2025,August,8,WZ08-S,Erbringung von sonstigen Dienstleistungen,47.0,22.0,69.0
2025-09,2025,September,9,WZ08-A,"Land- und Forstwirtschaft, Fischerei",7.0,2.0,9.0
2025-09,2025,September,9,WZ08-B,Bergbau und Gewinnung von Steinen und Erden,,,
2025-09,2025,September,9,WZ08-C,Verarbeitendes Gewerbe,125.0,16.0,141.0
2025-09,2025,September,9,WZ08-D,Energieversorgung,4.0,1.0,5.0
2025-09,2025,September,9,WZ08-E,"Wasserversorg.,Entsorg.,Beseitig.v.Umweltverschm.",1.0,,
2025-09,2025,September,9,WZ08-F,Baugewerbe,230.0,114.0,344.0
2025-09,2025,September,9,WZ08-G,"Handel, Instandhaltung und Reparatur von Kfz",211.0,86.0,297.0
2025-09,2025,September,9,WZ08-H,Verkehr und Lagerei,74.0,40.0,114.0
2025-09,2025,September,9,WZ08-I,Gastgewerbe,152.0,57.0,209.0
2025-09,2025,September,9,WZ08-J,Information und Kommunikation,61.0,18.0,79.0
2025-09,2025,September,9,WZ08-K,Erbringung v. Finanz- u. Versicherungsdienstleist.,35.0,25.0,60.0
2025-09,2025,September,9,WZ08-L,Grundstücks- und Wohnungswesen,53.0,22.0,75.0
2025-09,2025,September,9,WZ08-M,"Freiberufliche, wiss. u. techn. Dienstleistungen",128.0,92.0,220.0
2025-09,2025,September,9,WZ08-N,Sonstige wirtschaftliche Dienstleistungen,133.0,75.0,208.0
2025-09,2025,September,9,WZ08-O,"Öff. Verwaltung, Verteidigung, Sozialversicherung",,,
2025-09,2025,September,9,WZ08-P,Erziehung und Unterricht,24.0,5.0,29.0
2025-09,2025,September,9,WZ08-Q,Gesundheits- und Sozialwesen,35.0,3.0,38.0
2025-09,2025,September,9,WZ08-R,"Kunst, Unterhaltung und Erholung",33.0,11.0,44.0
2025-09,2025,September,9,WZ08-S,Erbringung von sonstigen Dienstleistungen,50.0,17.0,67.0
2025-10,2025,Oktober,10,WZ08-A,"Land- und Forstwirtschaft, Fischerei",11.0,3.0,14.0
2025-10,2025,Oktober,10,WZ08-B,Bergbau und Gewinnung von Steinen und Erden,,1.0,
2025-10,2025,Oktober,10,WZ08-C,Verarbeitendes Gewerbe,145.0,23.0,168.0
2025-10,2025,Oktober,10,WZ08-D,Energieversorgung,8.0,3.0,11.0
2025-10,2025,Oktober,10,WZ08-E,"Wasserversorg.,Entsorg.,Beseitig.v.Umweltverschm.",7.0,,
2025-10,2025,Oktober,10,WZ08-F,Baugewerbe,215.0,115.0,330.0
2025-10,2025,Oktober,10,WZ08-G,"Handel, Instandhaltung und Reparatur von Kfz",240.0,101.0,341.0
2025-10,2025,Oktober,10,WZ08-H,Verkehr und Lagerei,92.0,39.0,131.0
2025-10,2025,Oktober,10,WZ08-I,Gastgewerbe,180.0,69.0,249.0
2025-10,2025,Oktober,10,WZ08-J,Information und Kommunikation,63.0,27.0,90.0
2025-10,2025,Oktober,10,WZ08-K,Erbringung v. Finanz- u. Versicherungsdienstleist.,32.0,22.0,54.0
2025-10,2025,Oktober,10,WZ08-L,Grundstücks- und Wohnungswesen,41.0,46.0,87.0
2025-10,2025,Oktober,10,WZ08-M,"Freiberufliche, wiss. u. techn. Dienstleistungen",148.0,107.0,255.0
2025-10,2025,Oktober,10,WZ08-N,Sonstige wirtschaftliche Dienstleistungen,115.0,47.0,162.0
2025-10,2025,Oktober,10,WZ08-O,"Öff. Verwaltung, Verteidigung, Sozialversicherung",,,
2025-10,2025,Oktober,10,WZ08-P,Erziehung und Unterricht,31.0,8.0,39.0
2025-10,2025,Oktober,10,WZ08-Q,Gesundheits- und Sozialwesen,41.0,13.0,54.0
2025-10,2025,Oktober,10,WZ08-R,"Kunst, Unterhaltung und Erholung",34.0,10.0,44.0
2025-10,2025,Oktober,10,WZ08-S,Erbringung von sonstigen Dienstleistungen,55.0,16.0,71.0
2025-11,2025,November,11,WZ08-A,"Land- und Forstwirtschaft, Fischerei",4.0,,
2025-11,2025,November,11,WZ08-B,Bergbau und Gewinnung von Steinen und Erden,,,
2025-11,2025,November,11,WZ08-C,Verarbeitendes Gewerbe,116.0,18.0,134.0
2025-11,2025,November,11,WZ08-D,Energieversorgung,8.0,3.0,11.0
2025-11,2025,November,11,WZ08-E,"Wasserversorg.,Entsorg.,Beseitig.v.Umweltverschm.",3.0,2.0,5.0
2025-11,2025,November,11,WZ08-F,Baugewerbe,209.0,106.0,315.0
2025-11,2025,November,11,WZ08-G,"Handel, Instandhaltung und Reparatur von Kfz",192.0,107.0,299.0
2025-11,2025,November,11,WZ08-H,Verkehr und Lagerei,85.0,32.0,117.0
2025-11,2025,November,11,WZ08-I,Gastgewerbe,131.0,42.0,173.0
2025-11,2025,November,11,WZ08-J,Information und Kommunikation,30.0,24.0,54.0
2025-11,2025,November,11,WZ08-K,Erbringung v. Finanz- u. Versicherungsdienstleist.,25.0,25.0,50.0
2025-11,2025,November,11,WZ08-L,Grundstücks- und Wohnungswesen,62.0,35.0,97.0
2025-11,2025,November,11,WZ08-M,"Freiberufliche, wiss. u. techn. Dienstleistungen",109.0,80.0,189.0
2025-11,2025,November,11,WZ08-N,Sonstige wirtschaftliche Dienstleistungen,117.0,68.0,185.0
2025-11,2025,November,11,WZ08-O,"Öff. Verwaltung, Verteidigung, Sozialversicherung",,,
2025-11,2025,November,11,WZ08-P,Erziehung und Unterricht,13.0,2.0,15.0
2025-11,2025,November,11,WZ08-Q,Gesundheits- und Sozialwesen,35.0,10.0,45.0
2025-11,2025,November,11,WZ08-R,"Kunst, Unterhaltung und Erholung",30.0,7.0,37.0
2025-11,2025,November,11,WZ08-S,Erbringung von sonstigen Dienstleistungen,39.0,25.0,64.0
2025-12,2025,Dezember,12,WZ08-A,"Land- und Forstwirtschaft, Fischerei",4.0,2.0,6.0
2025-12,2025,Dezember,12,WZ08-B,Bergbau und Gewinnung von Steinen und Erden,,,
2025-12,2025,Dezember,12,WZ08-C,Verarbeitendes Gewerbe,164.0,18.0,182.0
2025-12,2025,Dezember,12,WZ08-D,Energieversorgung,4.0,3.0,7.0
2025-12,2025,Dezember,12,WZ08-E,"Wasserversorg.,Entsorg.,Beseitig.v.Umweltverschm.",3.0,1.0,4.0
2025-12,2025,Dezember,12,WZ08-F,Baugewerbe,223.0,106.0,329.0
2025-12,2025,Dezember,12,WZ08-G,"Handel, Instandhaltung und Reparatur von Kfz",227.0,87.0,314.0
2025-12,2025,Dezember,12,WZ08-H,Verkehr und Lagerei,85.0,38.0,123.0
2025-12,2025,Dezember,12,WZ08-I,Gastgewerbe,173.0,76.0,249.0
2025-12,2025,Dezember,12,WZ08-J,Information und Kommunikation,46.0,24.0,70.0
2025-12,2025,Dezember,12,WZ08-K,Erbringung v. Finanz- u. Versicherungsdienstleist.,28.0,14.0,42.0
2025-12,2025,Dezember,12,WZ08-L,Grundstücks- und Wohnungswesen,57.0,45.0,102.0
2025-12,2025,Dezember,12,WZ08-M,"Freiberufliche, wiss. u. techn. Dienstleistungen",151.0,97.0,248.0
2025-12,2025,Dezember,12,WZ08-N,Sonstige wirtschaftliche Dienstleistungen,134.0,62.0,196.0
2025-12,2025,Dezember,12,WZ08-O,"Öff. Verwaltung, Verteidigung, Sozialversicherung",,,
2025-12,2025,Dezember,12,WZ08-P,Erziehung und Unterricht,18.0,7.0,25.0
2025-12,2025,Dezember,12,WZ08-Q,Gesundheits- und Sozialwesen,43.0,3.0,46.0
2025-12,2025,Dezember,12,WZ08-R,"Kunst, Unterhaltung und Erholung",23.0,11.0,34.0
2025-12,2025,Dezember,12,WZ08-S,Erbringung von sonstigen Dienstleistungen,39.0,21.0,60.0
