Datum,Jahr,Monat,Monatsnummer,Branchencode,Branche,Eroeffnet,Mangels_Masse_Abgewiesen,Gesamt,mangel_ratio,Aktive_Unternehmen,Insolvenzrate_Pct
2020-01,2020,Januar,1,WZ08-A,"Land- und Forstwirtschaft, Fischerei",11.0,1.0,12.0,9.1,,
2020-01,2020,Januar,1,WZ08-B,Bergbau und Gewinnung von Steinen und Erden,,1.0,,,2348.0,
2020-01,2020,Januar,1,WZ08-C,Verarbeitendes Gewerbe,139.0,20.0,159.0,14.4,230421.0,0.0603
2020-01,2020,Januar,1,WZ08-D,Energieversorgung,2.0,,,,71592.0,0.0028
2020-01,2020,Januar,1,WZ08-E,"Wasserversorg.,Entsorg.,Beseitig.v.Umweltverschm.",1.0,3.0,4.0,300.0,13195.0,0.0076
2020-01,2020,Januar,1,WZ08-F,Baugewerbe,183.0,64.0,247.0,35.0,390108.0,0.0469
2020-01,2020,Januar,1,WZ08-G,"Handel, Instandhaltung und Reparatur von Kfz",205.0,70.0,275.0,34.1,680939.0,0.0301
2020-01,2020,Januar,1,WZ08-H,Verkehr und Lagerei,94.0,30.0,124.0,31.9,122113.0,0.077
2020-01,2020,Januar,1,WZ08-I,Gastgewerbe,136.0,49.0,185.0,36.0,249623.0,0.0545
2020-01,2020,Januar,1,WZ08-J,Information und Kommunikation,29.0,27.0,56.0,93.1,141586.0,0.0205
2020-01,2020,Januar,1,WZ08-K,Erbringung v. Finanz- u. Versicherungsdienstleist.,14.0,7.0,21.0,50.0,90990.0,0.0154
2020-01,2020,Januar,1,WZ08-L,Grundstücks- und Wohnungswesen,29.0,19.0,48.0,65.5,209412.0,0.0138
2020-01,2020,Januar,1,WZ08-M,"Freiberufliche, wiss. u. techn. Dienstleistungen",105.0,65.0,170.0,61.9,522619.0,0.0201
2020-01,2020,Januar,1,WZ08-N,Sonstige wirtschaftliche Dienstleistungen,105.0,47.0,152.0,44.8,238577.0,0.044
2020-01,2020,Januar,1,WZ08-O,"Öff. Verwaltung, Verteidigung, Sozialversicherung",,,,,,
2020-01,2020,Januar,1,WZ08-P,Erziehung und Unterricht,16.0,3.0,19.0,18.8,95206.0,0.0168
2020-01,2020,Januar,1,WZ08-Q,Gesundheits- und Sozialwesen,25.0,5.0,30.0,20.0,269714.0,0.0093
2020-01,2020,Januar,1,WZ08-R,"Kunst, Unterhaltung und Erholung",27.0,5.0,32.0,18.5,106340.0,0.0254
2020-01,2020,Januar,1,WZ08-S,Erbringung von sonstigen Dienstleistungen,54.0,18.0,72.0,33.3,233493.0,0.0231
2020-02,2020,Februar,2,WZ08-A,"Land- und Forstwirtschaft, Fischerei",8.0,,,,,
2020-02,2020,Februar,2,WZ08-B,Bergbau und Gewinnung von Steinen und Erden,,,,,2348.0,
2020-02,2020,Februar,2,WZ08-C,Verarbeitendes Gewerbe,111.0,16.0,127.0,14.4,230421.0,0.0482
2020-02,2020,Februar,2,WZ08-D,Energieversorgung,3.0,2.0,5.0,66.7,71592.0,0.0042
2020-02,2020,Februar,2,WZ08-E,"Wasserversorg.,Entsorg.,Beseitig.v.Umweltverschm.",2.0,,,,13195.0,0.0152
2020-02,2020,Februar,2,WZ08-F,Baugewerbe,159.0,67.0,226.0,42.1,390108.0,0.0408
2020-02,2020,Februar,2,WZ08-G,"Handel, Instandhaltung und Reparatur von Kfz",183.0,72.0,255.0,39.3,680939.0,0.0269
2020-02,2020,Februar,2,WZ08-H,Verkehr und Lagerei,95.0,26.0,121.0,27.4,122113.0,0.0778
2020-02,2020,Februar,2,WZ08-I,Gastgewerbe,127.0,40.0,167.0,31.5,249623.0,0.0509
2020-02,2020,Februar,2,WZ08-J,Information und Kommunikation,37.0,14.0,51.0,37.8,141586.0,0.0261
2020-02,2020,Februar,2,WZ08-K,Erbringung v. Finanz- u. Versicherungsdienstleist.,18.0,13.0,31.0,72.2,90990.0,0.0198
2020-02,2020,Februar,2,WZ08-L,Grundstücks- und Wohnungswesen,29.0,16.0,45.0,55.2,209412.0,0.0138
2020-02,2020,Februar,2,WZ08-M,"Freiberufliche, wiss. u. techn. Dienstleistungen",109.0,66.0,175.0,60.6,522619.0,0.0209
2020-02,2020,Februar,2,WZ08-N,Sonstige wirtschaftliche Dienstleistungen,130.0,47.0,177.0,36.2,238577.0,0.0545
2020-02,2020,Februar,2,WZ08-O,"Öff. Verwaltung, Verteidigung, Sozialversicherung",,,,,,
2020-02,2020,Februar,2,WZ08-P,Erziehung und Unterricht,16.0,4.0,20.0,25.0,95206.0,0.0168
2020-02,2020,Februar,2,WZ08-Q,Gesundheits- und Sozialwesen,22.0,2.0,24.0,9.1,269714.0,0.0082
2020-02,2020,Februar,2,WZ08-R,"Kunst, Unterhaltung und Erholung",22.0,8.0,30.0,36.4,106340.0,0.0207
2020-02,2020,Februar,2,WZ08-S,Erbringung von sonstigen Dienstleistungen,49.0,16.0,65.0,32.7,233493.0,0.021
2020-03,2020,März,3,WZ08-A,"Land- und Forstwirtschaft, Fischerei",8.0,1.0,9.0,12.5,,
2020-03,2020,März,3,WZ08-B,Bergbau und Gewinnung von Steinen und Erden,,,,,2348.0,
2020-03,2020,März,3,WZ08-C,Verarbeitendes Gewerbe,117.0,19.0,136.0,16.2,230421.0,0.0508
2020-03,2020,März,3,WZ08-D,Energieversorgung,8.0,5.0,13.0,62.5,71592.0,0.0112
2020-03,2020,März,3,WZ08-E,"Wasserversorg.,Entsorg.,Beseitig.v.Umweltverschm.",3.0,2.0,5.0,66.7,13195.0,0.0227
2020-03,2020,März,3,WZ08-F,Baugewerbe,205.0,83.0,288.0,40.5,390108.0,0.0525
2020-03,2020,März,3,WZ08-G,"Handel, Instandhaltung und Reparatur von Kfz",179.0,79.0,258.0,44.1,680939.0,0.0263
2020-03,2020,März,3,WZ08-H,Verkehr und Lagerei,91.0,22.0,113.0,24.2,122113.0,0.0745
2020-03,2020,März,3,WZ08-I,Gastgewerbe,120.0,42.0,162.0,35.0,249623.0,0.0481
2020-03,2020,März,3,WZ08-J,Information und Kommunikation,37.0,16.0,53.0,43.2,141586.0,0.0261
2020-03,2020,März,3,WZ08-K,Erbringung v. Finanz- u. Versicherungsdienstleist.,17.0,16.0,33.0,94.1,90990.0,0.0187
2020-03,2020,März,3,WZ08-L,Grundstücks- und Wohnungswesen,24.0,17.0,41.0,70.8,209412.0,0.0115
2020-03,2020,März,3,WZ08-M,"Freiberufliche, wiss. u. techn. Dienstleistungen",90.0,55.0,145.0,61.1,522619.0,0.0172
2020-03,2020,März,3,WZ08-N,Sonstige wirtschaftliche Dienstleistungen,123.0,50.0,173.0,40.7,238577.0,0.0516
2020-03,2020,März,3,WZ08-O,"Öff. Verwaltung, Verteidigung, Sozialversicherung",,,,,,
2020-03,2020,März,3,WZ08-P,Erziehung und Unterricht,9.0,3.0,12.0,33.3,95206.0,0.0095
2020-03,2020,März,3,WZ08-Q,Gesundheits- und Sozialwesen,21.0,8.0,29.0,38.1,269714.0,0.0078
2020-03,2020,März,3,WZ08-R,"Kunst, Unterhaltung und Erholung",18.0,4.0,22.0,22.2,106340.0,0.0169
2020-03,2020,März,3,WZ08-S,Erbringung von sonstigen Dienstleistungen,35.0,18.0,53.0,51.4,233493.0,0.015
2020-04,2020,April,4,WZ08-A,"Land- und Forstwirtschaft, Fischerei",8.0,3.0,11.0,37.5,,
2020-04,2020,April,4,WZ08-B,Bergbau und Gewinnung von Steinen und Erden,1.0,,,,2348.0,0.0426
2020-04,2020,April,4,WZ08-C,Verarbeitendes Gewerbe,129.0,19.0,148.0,14.7,230421.0,0.056
2020-04,2020,April,4,WZ08-D,Energieversorgung,4.0,4.0,8.0,100.0,71592.0,0.0056
2020-04,2020,April,4,WZ08-E,"Wasserversorg.,Entsorg.,Beseitig.v.Umweltverschm.",1.0,,,,13195.0,0.0076
2020-04,2020,April,4,WZ08-F,Baugewerbe,175.0,74.0,249.0,42.3,390108.0,0.0449
2020-04,2020,April,4,WZ08-G,"Handel, Instandhaltung und Reparatur von Kfz",168.0,63.0,231.0,37.5,680939.0,0.0247
2020-04,2020,April,4,WZ08-H,Verkehr und Lagerei,87.0,20.0,107.0,23.0,122113.0,0.0712
2020-04,2020,April,4,WZ08-I,Gastgewerbe,102.0,57.0,159.0,55.9,249623.0,0.0409
2020-04,2020,April,4,WZ08-J,Information und Kommunikation,30.0,17.0,47.0,56.7,141586.0,0.0212
2020-04,2020,April,4,WZ08-K,Erbringung v. Finanz- u. Versicherungsdienstleist.,19.0,10.0,29.0,52.6,90990.0,0.0209
2020-04,2020,April,4,WZ08-L,Grundstücks- und Wohnungswesen,25.0,15.0,40.0,60.0,209412.0,0.0119
2020-04,2020,April,4,WZ08-M,"Freiberufliche, wiss. u. techn. Dienstleistungen",99.0,64.0,163.0,64.6,522619.0,0.0189
2020-04,2020,April,4,WZ08-N,Sonstige wirtschaftliche Dienstleistungen,107.0,38.0,145.0,35.5,238577.0,0.0448
2020-04,2020,April,4,WZ08-O,"Öff. Verwaltung, Verteidigung, Sozialversicherung",,,,,,
2020-04,2020,April,4,WZ08-P,Erziehung und Unterricht,8.0,,,,95206.0,0.0084
2020-04,2020,April,4,WZ08-Q,Gesundheits- und Sozialwesen,27.0,7.0,34.0,25.9,269714.0,0.01
2020-04,2020,April,4,WZ08-R,"Kunst, Unterhaltung und Erholung",22.0,10.0,32.0,45.5,106340.0,0.0207
2020-04,2020,April,4,WZ08-S,Erbringung von sonstigen Dienstleistungen,28.0,24.0,52.0,85.7,233493.0,0.012
2020-05,2020,Mai,5,WZ08-A,"Land- und Forstwirtschaft, Fischerei",4.0,3.0,7.0,75.0,,
2020-05,2020,Mai,5,WZ08-B,Bergbau und Gewinnung von Steinen und Erden,,,,,2348.0,
2020-05,2020,Mai,5,WZ08-C,Verarbeitendes Gewerbe,126.0,19.0,145.0,15.1,230421.0,0.0547
2020-05,2020,Mai,5,WZ08-D,Energieversorgung,5.0,5.0,10.0,100.0,71592.0,0.007
2020-05,2020,Mai,5,WZ08-E,"Wasserversorg.,Entsorg.,Beseitig.v.Umweltverschm.",5.0,1.0,6.0,20.0,13195.0,0.0379
2020-05,2020,Mai,5,WZ08-F,Baugewerbe,150.0,85.0,235.0,56.7,390108.0,0.0385
2020-05,2020,Mai,5,WZ08-G,"Handel, Instandhaltung und Reparatur von Kfz",175.0,72.0,247.0,41.1,680939.0,0.0257
2020-05,2020,Mai,5,WZ08-H,Verkehr und Lagerei,96.0,25.0,121.0,26.0,122113.0,0.0786
2020-05,2020,Mai,5,WZ08-I,Gastgewerbe,121.0,43.0,164.0,35.5,249623.0,0.0485
2020-05,2020,Mai,5,WZ08-J,Information und Kommunikation,35.0,12.0,47.0,34.3,141586.0,0.0247
2020-05,2020,Mai,5,WZ08-K,Erbringung v. Finanz- u. Versicherungsdienstleist.,23.0,15.0,38.0,65.2,90990.0,0.0253
2020-05,2020,Mai,5,WZ08-L,Grundstücks- und Wohnungswesen,28.0,13.0,41.0,46.4,209412.0,0.0134
2020-05,2020,Mai,5,WZ08-M,"Freiberufliche, wiss. u. techn. Dienstleistungen",103.0,65.0,168.0,63.1,522619.0,0.0197
2020-05,2020,Mai,5,WZ08-N,Sonstige wirtschaftliche Dienstleistungen,92.0,45.0,137.0,48.9,238577.0,0.0386
2020-05,2020,Mai,5,WZ08-O,"Öff. Verwaltung, Verteidigung, Sozialversicherung",,,,,,
2020-05,2020,Mai,5,WZ08-P,Erziehung und Unterricht,11.0,8.0,19.0,72.7,95206.0,0.0116
2020-05,2020,Mai,5,WZ08-Q,Gesundheits- und Sozialwesen,24.0,6.0,30.0,25.0,269714.0,0.0089
2020-05,2020,Mai,5,WZ08-R,"Kunst, Unterhaltung und Erholung",17.0,8.0,25.0,47.1,106340.0,0.016
2020-05,2020,Mai,5,WZ08-S,Erbringung von sonstigen Dienstleistungen,43.0,21.0,64.0,48.8,233493.0,0.0184
2020-06,2020,Juni,6,WZ08-A,"Land- und Forstwirtschaft, Fischerei",8.0,2.0,10.0,25.0,,
2020-06,2020,Juni,6,WZ08-B,Bergbau und Gewinnung von Steinen und Erden,1.0,,,,2348.0,0.0426
2020-06,2020,Juni,6,WZ08-C,Verarbeitendes Gewerbe,84.0,13.0,97.0,15.5,230421.0,0.0365
2020-06,2020,Juni,6,WZ08-D,Energieversorgung,4.0,,,,71592.0,0.0056
2020-06,2020,Juni,6,WZ08-E,"Wasserversorg.,Entsorg.,Beseitig.v.Umweltverschm.",3.0,4.0,7.0,133.3,13195.0,0.0227
2020-06,2020,Juni,6,WZ08-F,Baugewerbe,147.0,70.0,217.0,47.6,390108.0,0.0377
2020-06,2020,Juni,6,WZ08-G,"Handel, Instandhaltung und Reparatur von Kfz",145.0,74.0,219.0,51.0,680939.0,0.0213
2020-06,2020,Juni,6,WZ08-H,Verkehr und Lagerei,42.0,24.0,66.0,57.1,122113.0,0.0344
2020-06,2020,Juni,6,WZ08-I,Gastgewerbe,124.0,43.0,167.0,34.7,249623.0,0.0497
2020-06,2020,Juni,6,WZ08-J,Information und Kommunikation,31.0,10.0,41.0,32.3,141586.0,0.0219
2020-06,2020,Juni,6,WZ08-K,Erbringung v. Finanz- u. Versicherungsdienstleist.,21.0,13.0,34.0,61.9,90990.0,0.0231
2020-06,2020,Juni,6,WZ08-L,Grundstücks- und Wohnungswesen,14.0,22.0,36.0,157.1,209412.0,0.0067
2020-06,2020,Juni,6,WZ08-M,"Freiberufliche, wiss. u. techn. Dienstleistungen",92.0,61.0,153.0,66.3,522619.0,0.0176
2020-06,2020,Juni,6,WZ08-N,Sonstige wirtschaftliche Dienstleistungen,118.0,40.0,158.0,33.9,238577.0,0.0495
2020-06,2020,Juni,6,WZ08-O,"Öff. Verwaltung, Verteidigung, Sozialversicherung",,,,,,
2020-06,2020,Juni,6,WZ08-P,Erziehung und Unterricht,10.0,2.0,12.0,20.0,95206.0,0.0105
2020-06,2020,Juni,6,WZ08-Q,Gesundheits- und Sozialwesen,17.0,5.0,22.0,29.4,269714.0,0.0063
2020-06,2020,Juni,6,WZ08-R,"Kunst, Unterhaltung und Erholung",22.0,15.0,37.0,68.2,106340.0,0.0207
2020-06,2020,Juni,6,WZ08-S,Erbringung von sonstigen Dienstleistungen,50.0,23.0,73.0,46.0,233493.0,0.0214
2020-07,2020,Juli,7,WZ08-A,"Land- und Forstwirtschaft, Fischerei",6.0,3.0,9.0,50.0,,
2020-07,2020,Juli,7,WZ08-B,Bergbau und Gewinnung von Steinen und Erden,,,,,2348.0,
2020-07,2020,Juli,7,WZ08-C,Verarbeitendes Gewerbe,86.0,23.0,109.0,26.7,230421.0,0.0373
2020-07,2020,Juli,7,WZ08-D,Energieversorgung,3.0,1.0,4.0,33.3,71592.0,0.0042
2020-07,2020,Juli,7,WZ08-E,"Wasserversorg.,Entsorg.,Beseitig.v.Umweltverschm.",,,,,13195.0,
2020-07,2020,Juli,7,WZ08-F,Baugewerbe,136.0,68.0,204.0,50.0,390108.0,0.0349
2020-07,2020,Juli,7,WZ08-G,"Handel, Instandhaltung und Reparatur von Kfz",153.0,75.0,228.0,49.0,680939.0,0.0225
2020-07,2020,Juli,7,WZ08-H,Verkehr und Lagerei,73.0,33.0,106.0,45.2,122113.0,0.0598
2020-07,2020,Juli,7,WZ08-I,Gastgewerbe,102.0,52.0,154.0,51.0,249623.0,0.0409
2020-07,2020,Juli,7,WZ08-J,Information und Kommunikation,21.0,10.0,31.0,47.6,141586.0,0.0148
2020-07,2020,Juli,7,WZ08-K,Erbringung v. Finanz- u. Versicherungsdienstleist.,19.0,20.0,39.0,105.3,90990.0,0.0209
2020-07,2020,Juli,7,WZ08-L,Grundstücks- und Wohnungswesen,23.0,19.0,42.0,82.6,209412.0,0.011
2020-07,2020,Juli,7,WZ08-M,"Freiberufliche, wiss. u. techn. Dienstleistungen",115.0,67.0,182.0,58.3,522619.0,0.022
2020-07,2020,Juli,7,WZ08-N,Sonstige wirtschaftliche Dienstleistungen,103.0,36.0,139.0,35.0,238577.0,0.0432
2020-07,2020,Juli,7,WZ08-O,"Öff. Verwaltung, Verteidigung, Sozialversicherung",,,,,,
2020-07,2020,Juli,7,WZ08-P,Erziehung und Unterricht,4.0,4.0,8.0,100.0,95206.0,0.0042
2020-07,2020,Juli,7,WZ08-Q,Gesundheits- und Sozialwesen,29.0,3.0,32.0,10.3,269714.0,0.0108
2020-07,2020,Juli,7,WZ08-R,"Kunst, Unterhaltung und Erholung",19.0,14.0,33.0,73.7,106340.0,0.0179
2020-07,2020,Juli,7,WZ08-S,Erbringung von sonstigen Dienstleistungen,39.0,10.0,49.0,25.6,233493.0,0.0167
2020-08,2020,August,8,WZ08-A,"Land- und Forstwirtschaft, Fischerei",4.0,3.0,7.0,75.0,,
2020-08,2020,August,8,WZ08-B,Bergbau und Gewinnung von Steinen und Erden,2.0,,,,2348.0,0.0852
2020-08,2020,August,8,WZ08-C,Verarbeitendes Gewerbe,60.0,14.0,74.0,23.3,230421.0,0.026
2020-08,2020,August,8,WZ08-D,Energieversorgung,5.0,2.0,7.0,40.0,71592.0,0.007
2020-08,2020,August,8,WZ08-E,"Wasserversorg.,Entsorg.,Beseitig.v.Umweltverschm.",3.0,,,,13195.0,0.0227
2020-08,2020,August,8,WZ08-F,Baugewerbe,114.0,59.0,173.0,51.8,390108.0,0.0292
2020-08,2020,August,8,WZ08-G,"Handel, Instandhaltung und Reparatur von Kfz",101.0,64.0,165.0,63.4,680939.0,0.0148
2020-08,2020,August,8,WZ08-H,Verkehr und Lagerei,36.0,20.0,56.0,55.6,122113.0,0.0295
2020-08,2020,August,8,WZ08-I,Gastgewerbe,71.0,52.0,123.0,73.2,249623.0,0.0284
2020-08,2020,August,8,WZ08-J,Information und Kommunikation,23.0,11.0,34.0,47.8,141586.0,0.0162
2020-08,2020,August,8,WZ08-K,Erbringung v. Finanz- u. Versicherungsdienstleist.,21.0,10.0,31.0,47.6,90990.0,0.0231
2020-08,2020,August,8,WZ08-L,Grundstücks- und Wohnungswesen,18.0,13.0,31.0,72.2,209412.0,0.0086
2020-08,2020,August,8,WZ08-M,"Freiberufliche, wiss. u. techn. Dienstleistungen",56.0,47.0,103.0,83.9,522619.0,0.0107
2020-08,2020,August,8,WZ08-N,Sonstige wirtschaftliche Dienstleistungen,81.0,48.0,129.0,59.3,238577.0,0.034
2020-08,2020,August,8,WZ08-O,"Öff. Verwaltung, Verteidigung, Sozialversicherung",,,,,,
2020-08,2020,August,8,WZ08-P,Erziehung und Unterricht,5.0,5.0,10.0,100.0,95206.0,0.0053
2020-08,2020,August,8,WZ08-Q,Gesundheits- und Sozialwesen,23.0,6.0,29.0,26.1,269714.0,0.0085
2020-08,2020,August,8,WZ08-R,"Kunst, Unterhaltung und Erholung",11.0,11.0,22.0,100.0,106340.0,0.0103
2020-08,2020,August,8,WZ08-S,Erbringung von sonstigen Dienstleistungen,31.0,21.0,52.0,67.7,233493.0,0.0133
2020-09,2020,September,9,WZ08-A,"Land- und Forstwirtschaft, Fischerei",7.0,1.0,8.0,14.3,,
2020-09,2020,September,9,WZ08-B,Bergbau und Gewinnung von Steinen und Erden,,,,,2348.0,
2020-09,2020,September,9,WZ08-C,Verarbeitendes Gewerbe,80.0,15.0,95.0,18.8,230421.0,0.0347
2020-09,2020,September,9,WZ08-D,Energieversorgung,3.0,1.0,4.0,33.3,71592.0,0.0042
2020-09,2020,September,9,WZ08-E,"Wasserversorg.,Entsorg.,Beseitig.v.Umweltverschm.",2.0,5.0,7.0,250.0,13195.0,0.0152
2020-09,2020,September,9,WZ08-F,Baugewerbe,98.0,50.0,148.0,51.0,390108.0,0.0251
2020-09,2020,September,9,WZ08-G,"Handel, Instandhaltung und Reparatur von Kfz",97.0,45.0,142.0,46.4,680939.0,0.0142
2020-09,2020,September,9,WZ08-H,Verkehr und Lagerei,54.0,19.0,73.0,35.2,122113.0,0.0442
2020-09,2020,September,9,WZ08-I,Gastgewerbe,86.0,38.0,124.0,44.2,249623.0,0.0345
2020-09,2020,September,9,WZ08-J,Information und Kommunikation,26.0,9.0,35.0,34.6,141586.0,0.0184
2020-09,2020,September,9,WZ08-K,Erbringung v. Finanz- u. Versicherungsdienstleist.,13.0,13.0,26.0,100.0,90990.0,0.0143
2020-09,2020,September,9,WZ08-L,Grundstücks- und Wohnungswesen,26.0,13.0,39.0,50.0,209412.0,0.0124
2020-09,2020,September,9,WZ08-M,"Freiberufliche, wiss. u. techn. Dienstleistungen",63.0,48.0,111.0,76.2,522619.0,0.0121
2020-09,2020,September,9,WZ08-N,Sonstige wirtschaftliche Dienstleistungen,94.0,43.0,137.0,45.7,238577.0,0.0394
2020-09,2020,September,9,WZ08-O,"Öff. Verwaltung, Verteidigung, Sozialversicherung",,,,,,
2020-09,2020,September,9,WZ08-P,Erziehung und Unterricht,9.0,,,,95206.0,0.0095
2020-09,2020,September,9,WZ08-Q,Gesundheits- und Sozialwesen,19.0,2.0,21.0,10.5,269714.0,0.007
2020-09,2020,September,9,WZ08-R,"Kunst, Unterhaltung und Erholung",19.0,14.0,33.0,73.7,106340.0,0.0179
2020-09,2020,September,9,WZ08-S,Erbringung von sonstigen Dienstleistungen,35.0,18.0,53.0,51.4,233493.0,0.015
2020-10,2020,Oktober,10,WZ08-A,"Land- und Forstwirtschaft, Fischerei",6.0,1.0,7.0,16.7,,
2020-10,2020,Oktober,10,WZ08-B,Bergbau und Gewinnung von Steinen und Erden,,,,,2348.0,
2020-10,2020,Oktober,10,WZ08-C,Verarbeitendes Gewerbe,85.0,12.0,97.0,14.1,230421.0,0.0369
2020-10,2020,Oktober,10,WZ08-D,Energieversorgung,3.0,2.0,5.0,66.7,71592.0,0.0042
2020-10,2020,Oktober,10,WZ08-E,"Wasserversorg.,Entsorg.,Beseitig.v.Umweltverschm.",1.0,3.0,4.0,300.0,13195.0,0.0076
2020-10,2020,Oktober,10,WZ08-F,Baugewerbe,102.0,68.0,170.0,66.7,390108.0,0.0261
2020-10,2020,Oktober,10,WZ08-G,"Handel, Instandhaltung und Reparatur von Kfz",82.0,52.0,134.0,63.4,680939.0,0.012
2020-10,2020,Oktober,10,WZ08-H,Verkehr und Lagerei,41.0,22.0,63.0,53.7,122113.0,0.0336
2020-10,2020,Oktober,10,WZ08-I,Gastgewerbe,86.0,34.0,120.0,39.5,249623.0,0.0345
2020-10,2020,Oktober,10,WZ08-J,Information und Kommunikation,20.0,14.0,34.0,70.0,141586.0,0.0141
2020-10,2020,Oktober,10,WZ08-K,Erbringung v. Finanz- u. Versicherungsdienstleist.,14.0,13.0,27.0,92.9,90990.0,0.0154
2020-10,2020,Oktober,10,WZ08-L,Grundstücks- und Wohnungswesen,17.0,8.0,25.0,47.1,209412.0,0.0081
2020-10,2020,Oktober,10,WZ08-M,"Freiberufliche, wiss. u. techn. Dienstleistungen",72.0,45.0,117.0,62.5,522619.0,0.0138
2020-10,2020,Oktober,10,WZ08-N,Sonstige wirtschaftliche Dienstleistungen,88.0,46.0,134.0,52.3,238577.0,0.0369
2020-10,2020,Oktober,10,WZ08-O,"Öff. Verwaltung, Verteidigung, Sozialversicherung",,,,,,
2020-10,2020,Oktober,10,WZ08-P,Erziehung und Unterricht,5.0,5.0,10.0,100.0,95206.0,0.0053
2020-10,2020,Oktober,10,WZ08-Q,Gesundheits- und Sozialwesen,24.0,6.0,30.0,25.0,269714.0,0.0089
2020-10,2020,Oktober,10,WZ08-R,"Kunst, Unterhaltung und Erholung",14.0,9.0,23.0,64.3,106340.0,0.0132
2020-10,2020,Oktober,10,WZ08-S,Erbringung von sonstigen Dienstleistungen,56.0,28.0,84.0,50.0,233493.0,0.024
2020-11,2020,November,11,WZ08-A,"Land- und Forstwirtschaft, Fischerei",6.0,1.0,7.0,16.7,,
2020-11,2020,November,11,WZ08-B,Bergbau und Gewinnung von Steinen und Erden,1.0,,,,2348.0,0.0426
2020-11,2020,November,11,WZ08-C,Verarbeitendes Gewerbe,62.0,11.0,73.0,17.7,230421.0,0.0269
2020-11,2020,November,11,WZ08-D,Energieversorgung,3.0,,,,71592.0,0.0042
2020-11,2020,November,11,WZ08-E,"Wasserversorg.,Entsorg.,Beseitig.v.Umweltverschm.",3.0,1.0,4.0,33.3,13195.0,0.0227
2020-11,2020,November,11,WZ08-F,Baugewerbe,104.0,58.0,162.0,55.8,390108.0,0.0267
2020-11,2020,November,11,WZ08-G,"Handel, Instandhaltung und Reparatur von Kfz",104.0,50.0,154.0,48.1,680939.0,0.0153
2020-11,2020,November,11,WZ08-H,Verkehr und Lagerei,56.0,10.0,66.0,17.9,122113.0,0.0459
2020-11,2020,November,11,WZ08-I,Gastgewerbe,94.0,37.0,131.0,39.4,249623.0,0.0377
2020-11,2020,November,11,WZ08-J,Information und Kommunikation,19.0,12.0,31.0,63.2,141586.0,0.0134
2020-11,2020,November,11,WZ08-K,Erbringung v. Finanz- u. Versicherungsdienstleist.,20.0,11.0,31.0,55.0,90990.0,0.022
2020-11,2020,November,11,WZ08-L,Grundstücks- und Wohnungswesen,19.0,8.0,27.0,42.1,209412.0,0.0091
2020-11,2020,November,11,WZ08-M,"Freiberufliche, wiss. u. techn. Dienstleistungen",72.0,50.0,122.0,69.4,522619.0,0.0138
2020-11,2020,November,11,WZ08-N,Sonstige wirtschaftliche Dienstleistungen,68.0,41.0,109.0,60.3,238577.0,0.0285
2020-11,2020,November,11,WZ08-O,"Öff. Verwaltung, Verteidigung, Sozialversicherung",,,,,,
2020-11,2020,November,11,WZ08-P,Erziehung und Unterricht,7.0,5.0,12.0,71.4,95206.0,0.0074
2020-11,2020,November,11,WZ08-Q,Gesundheits- und Sozialwesen,17.0,5.0,22.0,29.4,269714.0,0.0063
2020-11,2020,November,11,WZ08-R,"Kunst, Unterhaltung und Erholung",23.0,11.0,34.0,47.8,106340.0,0.0216
2020-11,2020,November,11,WZ08-S,Erbringung von sonstigen Dienstleistungen,36.0,21.0,57.0,58.3,233493.0,0.0154
2020-12,2020,Dezember,12,WZ08-A,"Land- und Forstwirtschaft, Fischerei",6.0,1.0,7.0,16.7,,
2020-12,2020,Dezember,12,WZ08-B,Bergbau und Gewinnung von Steinen und Erden,,,,,2348.0,
2020-12,2020,Dezember,12,WZ08-C,Verarbeitendes Gewerbe,109.0,12.0,121.0,11.0,230421.0,0.0473
2020-12,2020,Dezember,12,WZ08-D,Energieversorgung,9.0,3.0,12.0,33.3,71592.0,0.0126
2020-12,2020,Dezember,12,WZ08-E,"Wasserversorg.,Entsorg.,Beseitig.v.Umweltverschm.",3.0,2.0,5.0,66.7,13195.0,0.0227
2020-12,2020,Dezember,12,WZ08-F,Baugewerbe,120.0,60.0,180.0,50.0,390108.0,0.0308
2020-12,2020,Dezember,12,WZ08-G,"Handel, Instandhaltung und Reparatur von Kfz",103.0,55.0,158.0,53.4,680939.0,0.0151
2020-12,2020,Dezember,12,WZ08-H,Verkehr und Lagerei,63.0,21.0,84.0,33.3,122113.0,0.0516
2020-12,2020,Dezember,12,WZ08-I,Gastgewerbe,83.0,35.0,118.0,42.2,249623.0,0.0333
2020-12,2020,Dezember,12,WZ08-J,Information und Kommunikation,28.0,14.0,42.0,50.0,141586.0,0.0198
2020-12,2020,Dezember,12,WZ08-K,Erbringung v. Finanz- u. Versicherungsdienstleist.,25.0,6.0,31.0,24.0,90990.0,0.0275
2020-12,2020,Dezember,12,WZ08-L,Grundstücks- und Wohnungswesen,29.0,7.0,36.0,24.1,209412.0,0.0138
2020-12,2020,Dezember,12,WZ08-M,"Freiberufliche, wiss. u. techn. Dienstleistungen",89.0,56.0,145.0,62.9,522619.0,0.017
2020-12,2020,Dezember,12,WZ08-N,Sonstige wirtschaftliche Dienstleistungen,85.0,44.0,129.0,51.8,238577.0,0.0356
2020-12,2020,Dezember,12,WZ08-O,"Öff. Verwaltung, Verteidigung, Sozialversicherung",,,,,,
2020-12,2020,Dezember,12,WZ08-P,Erziehung und Unterricht,14.0,1.0,15.0,7.1,95206.0,0.0147
2020-12,2020,Dezember,12,WZ08-Q,Gesundheits- und Sozialwesen,31.0,3.0,34.0,9.7,269714.0,0.0115
2020-12,2020,Dezember,12,WZ08-R,"Kunst, Unterhaltung und Erholung",35.0,7.0,42.0,20.0,106340.0,0.0329
2020-12,2020,Dezember,12,WZ08-S,Erbringung von sonstigen Dienstleistungen,43.0,17.0,60.0,39.5,233493.0,0.0184
2021-01,2021,Januar,1,WZ08-A,"Land- und Forstwirtschaft, Fischerei",4.0,2.0,6.0,50.0,,
2021-01,2021,Januar,1,WZ08-B,Bergbau und Gewinnung von Steinen und Erden,,,,,2322.0,
2021-01,2021,Januar,1,WZ08-C,Verarbeitendes Gewerbe,74.0,13.0,87.0,17.6,227682.0,0.0325
2021-01,2021,Januar,1,WZ08-D,Energieversorgung,,,,,73269.0,
2021-01,2021,Januar,1,WZ08-E,"Wasserversorg.,Entsorg.,Beseitig.v.Umweltverschm.",3.0,1.0,4.0,33.3,13199.0,0.0227
2021-01,2021,Januar,1,WZ08-F,Baugewerbe,104.0,46.0,150.0,44.2,392388.0,0.0265
2021-01,2021,Januar,1,WZ08-G,"Handel, Instandhaltung und Reparatur von Kfz",105.0,61.0,166.0,58.1,673285.0,0.0156
2021-01,2021,Januar,1,WZ08-H,Verkehr und Lagerei,63.0,29.0,92.0,46.0,119781.0,0.0526
2021-01,2021,Januar,1,WZ08-I,Gastgewerbe,92.0,47.0,139.0,51.1,241820.0,0.038
2021-01,2021,Januar,1,WZ08-J,Information und Kommunikation,29.0,11.0,40.0,37.9,144033.0,0.0201
2021-01,2021,Januar,1,WZ08-K,Erbringung v. Finanz- u. Versicherungsdienstleist.,18.0,10.0,28.0,55.6,90311.0,0.0199
2021-01,2021,Januar,1,WZ08-L,Grundstücks- und Wohnungswesen,13.0,14.0,27.0,107.7,215096.0,0.006
2021-01,2021,Januar,1,WZ08-M,"Freiberufliche, wiss. u. techn. Dienstleistungen",71.0,49.0,120.0,69.0,526145.0,0.0135
2021-01,2021,Januar,1,WZ08-N,Sonstige wirtschaftliche Dienstleistungen,80.0,39.0,119.0,48.8,242814.0,0.0329
2021-01,2021,Januar,1,WZ08-O,"Öff. Verwaltung, Verteidigung, Sozialversicherung",,,,,,
2021-01,2021,Januar,1,WZ08-P,Erziehung und Unterricht,10.0,2.0,12.0,20.0,94766.0,0.0106
2021-01,2021,Januar,1,WZ08-Q,Gesundheits- und Sozialwesen,18.0,4.0,22.0,22.2,286979.0,0.0063
2021-01,2021,Januar,1,WZ08-R,"Kunst, Unterhaltung und Erholung",15.0,8.0,23.0,53.3,104155.0,0.0144
2021-01,2021,Januar,1,WZ08-S,Erbringung von sonstigen Dienstleistungen,42.0,31.0,73.0,73.8,227740.0,0.0184
2021-02,2021,Februar,2,WZ08-A,"Land- und Forstwirtschaft, Fischerei",9.0,3.0,12.0,33.3,,
2021-02,2021,Februar,2,WZ08-B,Bergbau und Gewinnung von Steinen und Erden,,,,,2322.0,
2021-02,2021,Februar,2,WZ08-C,Verarbeitendes Gewerbe,77.0,8.0,85.0,10.4,227682.0,0.0338
2021-02,2021,Februar,2,WZ08-D,Energieversorgung,5.0,3.0,8.0,60.0,73269.0,0.0068
2021-02,2021,Februar,2,WZ08-E,"Wasserversorg.,Entsorg.,Beseitig.v.Umweltverschm.",2.0,,,,13199.0,0.0152
2021-02,2021,Februar,2,WZ08-F,Baugewerbe,133.0,61.0,194.0,45.9,392388.0,0.0339
2021-02,2021,Februar,2,WZ08-G,"Handel, Instandhaltung und Reparatur von Kfz",129.0,62.0,191.0,48.1,673285.0,0.0192
2021-02,2021,Februar,2,WZ08-H,Verkehr und Lagerei,61.0,20.0,81.0,32.8,119781.0,0.0509
2021-02,2021,Februar,2,WZ08-I,Gastgewerbe,87.0,30.0,117.0,34.5,241820.0,0.036
2021-02,2021,Februar,2,WZ08-J,Information und Kommunikation,27.0,13.0,40.0,48.1,144033.0,0.0187
2021-02,2021,Februar,2,WZ08-K,Erbringung v. Finanz- u. Versicherungsdienstleist.,22.0,15.0,37.0,68.2,90311.0,0.0244
2021-02,2021,Februar,2,WZ08-L,Grundstücks- und Wohnungswesen,24.0,13.0,37.0,54.2,215096.0,0.0112
2021-02,2021,Februar,2,WZ08-M,"Freiberufliche, wiss. u. techn. Dienstleistungen",72.0,47.0,119.0,65.3,526145.0,0.0137
2021-02,2021,Februar,2,WZ08-N,Sonstige wirtschaftliche Dienstleistungen,93.0,40.0,133.0,43.0,242814.0,0.0383
2021-02,2021,Februar,2,WZ08-O,"Öff. Verwaltung, Verteidigung, Sozialversicherung",,,,,,
2021-02,2021,Februar,2,WZ08-P,Erziehung und Unterricht,13.0,1.0,14.0,7.7,94766.0,0.0137
2021-02,2021,Februar,2,WZ08-Q,Gesundheits- und Sozialwesen,24.0,1.0,25.0,4.2,286979.0,0.0084
2021-02,2021,Februar,2,WZ08-R,"Kunst, Unterhaltung und Erholung",23.0,5.0,28.0,21.7,104155.0,0.0221
2021-02,2021,Februar,2,WZ08-S,Erbringung von sonstigen Dienstleistungen,46.0,26.0,72.0,56.5,227740.0,0.0202
2021-03,2021,März,3,WZ08-A,"Land- und Forstwirtschaft, Fischerei",14.0,,,,,
2021-03,2021,März,3,WZ08-B,Bergbau und Gewinnung von Steinen und Erden,1.0,,,,2322.0,0.0431
2021-03,2021,März,3,WZ08-C,Verarbeitendes Gewerbe,82.0,24.0,106.0,29.3,227682.0,0.036
2021-03,2021,März,3,WZ08-D,Energieversorgung,5.0,,,,73269.0,0.0068
2021-03,2021,März,3,WZ08-E,"Wasserversorg.,Entsorg.,Beseitig.v.Umweltverschm.",4.0,,,,13199.0,0.0303
2021-03,2021,März,3,WZ08-F,Baugewerbe,203.0,61.0,264.0,30.0,392388.0,0.0517
2021-03,2021,März,3,WZ08-G,"Handel, Instandhaltung und Reparatur von Kfz",144.0,55.0,199.0,38.2,673285.0,0.0214
2021-03,2021,März,3,WZ08-H,Verkehr und Lagerei,86.0,19.0,105.0,22.1,119781.0,0.0718
2021-03,2021,März,3,WZ08-I,Gastgewerbe,112.0,47.0,159.0,42.0,241820.0,0.0463
2021-03,2021,März,3,WZ08-J,Information und Kommunikation,28.0,14.0,42.0,50.0,144033.0,0.0194
2021-03,2021,März,3,WZ08-K,Erbringung v. Finanz- u. Versicherungsdienstleist.,17.0,15.0,32.0,88.2,90311.0,0.0188
2021-03,2021,März,3,WZ08-L,Grundstücks- und Wohnungswesen,27.0,10.0,37.0,37.0,215096.0,0.0126
2021-03,2021,März,3,WZ08-M,"Freiberufliche, wiss. u. techn. Dienstleistungen",107.0,56.0,163.0,52.3,526145.0,0.0203
2021-03,2021,März,3,WZ08-N,Sonstige wirtschaftliche Dienstleistungen,115.0,32.0,147.0,27.8,242814.0,0.0474
2021-03,2021,März,3,WZ08-O,"Öff. Verwaltung, Verteidigung, Sozialversicherung",,,,,,
2021-03,2021,März,3,WZ08-P,Erziehung und Unterricht,17.0,,,,94766.0,0.0179
2021-03,2021,März,3,WZ08-Q,Gesundheits- und Sozialwesen,29.0,6.0,35.0,20.7,286979.0,0.0101
2021-03,2021,März,3,WZ08-R,"Kunst, Unterhaltung und Erholung",25.0,12.0,37.0,48.0,104155.0,0.024
2021-03,2021,März,3,WZ08-S,Erbringung von sonstigen Dienstleistungen,70.0,22.0,92.0,31.4,227740.0,0.0307
2021-04,2021,April,4,WZ08-A,"Land- und Forstwirtschaft, Fischerei",8.0,,,,,
2021-04,2021,April,4,WZ08-B,Bergbau und Gewinnung von Steinen und Erden,,,,,2322.0,
2021-04,2021,April,4,WZ08-C,Verarbeitendes Gewerbe,100.0,8.0,108.0,8.0,227682.0,0.0439
2021-04,2021,April,4,WZ08-D,Energieversorgung,8.0,2.0,10.0,25.0,73269.0,0.0109
2021-04,2021,April,4,WZ08-E,"Wasserversorg.,Entsorg.,Beseitig.v.Umweltverschm.",1.0,1.0,2.0,100.0,13199.0,0.0076
2021-04,2021,April,4,WZ08-F,Baugewerbe,156.0,59.0,215.0,37.8,392388.0,0.0398
2021-04,2021,April,4,WZ08-G,"Handel, Instandhaltung und Reparatur von Kfz",134.0,61.0,195.0,45.5,673285.0,0.0199
2021-04,2021,April,4,WZ08-H,Verkehr und Lagerei,70.0,18.0,88.0,25.7,119781.0,0.0584
2021-04,2021,April,4,WZ08-I,Gastgewerbe,91.0,40.0,131.0,44.0,241820.0,0.0376
2021-04,2021,April,4,WZ08-J,Information und Kommunikation,34.0,21.0,55.0,61.8,144033.0,0.0236
2021-04,2021,April,4,WZ08-K,Erbringung v. Finanz- u. Versicherungsdienstleist.,16.0,14.0,30.0,87.5,90311.0,0.0177
2021-04,2021,April,4,WZ08-L,Grundstücks- und Wohnungswesen,23.0,19.0,42.0,82.6,215096.0,0.0107
2021-04,2021,April,4,WZ08-M,"Freiberufliche, wiss. u. techn. Dienstleistungen",82.0,44.0,126.0,53.7,526145.0,0.0156
2021-04,2021,April,4,WZ08-N,Sonstige wirtschaftliche Dienstleistungen,108.0,34.0,142.0,31.5,242814.0,0.0445
2021-04,2021,April,4,WZ08-O,"Öff. Verwaltung, Verteidigung, Sozialversicherung",,,,,,
2021-04,2021,April,4,WZ08-P,Erziehung und Unterricht,18.0,5.0,23.0,27.8,94766.0,0.019
2021-04,2021,April,4,WZ08-Q,Gesundheits- und Sozialwesen,43.0,4.0,47.0,9.3,286979.0,0.015
2021-04,2021,April,4,WZ08-R,"Kunst, Unterhaltung und Erholung",22.0,11.0,33.0,50.0,104155.0,0.0211
2021-04,2021,April,4,WZ08-S,Erbringung von sonstigen Dienstleistungen,54.0,24.0,78.0,44.4,227740.0,0.0237
2021-05,2021,Mai,5,WZ08-A,"Land- und Forstwirtschaft, Fischerei",6.0,1.0,7.0,16.7,,
2021-05,2021,Mai,5,WZ08-B,Bergbau und Gewinnung von Steinen und Erden,,,,,2322.0,
2021-05,2021,Mai,5,WZ08-C,Verarbeitendes Gewerbe,68.0,12.0,80.0,17.6,227682.0,0.0299
2021-05,2021,Mai,5,WZ08-D,Energieversorgung,4.0,1.0,5.0,25.0,73269.0,0.0055
2021-05,2021,Mai,5,WZ08-E,"Wasserversorg.,Entsorg.,Beseitig.v.Umweltverschm.",1.0,1.0,2.0,100.0,13199.0,0.0076
2021-05,2021,Mai,5,WZ08-F,Baugewerbe,137.0,43.0,180.0,31.4,392388.0,0.0349
2021-05,2021,Mai,5,WZ08-G,"Handel, Instandhaltung und Reparatur von Kfz",113.0,55.0,168.0,48.7,673285.0,0.0168
2021-05,2021,Mai,5,WZ08-H,Verkehr und Lagerei,53.0,25.0,78.0,47.2,119781.0,0.0442
2021-05,2021,Mai,5,WZ08-I,Gastgewerbe,74.0,40.0,114.0,54.1,241820.0,0.0306
2021-05,2021,Mai,5,WZ08-J,Information und Kommunikation,22.0,16.0,38.0,72.7,144033.0,0.0153
2021-05,2021,Mai,5,WZ08-K,Erbringung v. Finanz- u. Versicherungsdienstleist.,14.0,10.0,24.0,71.4,90311.0,0.0155
2021-05,2021,Mai,5,WZ08-L,Grundstücks- und Wohnungswesen,28.0,14.0,42.0,50.0,215096.0,0.013
2021-05,2021,Mai,5,WZ08-M,"Freiberufliche, wiss. u. techn. Dienstleistungen",67.0,50.0,117.0,74.6,526145.0,0.0127
2021-05,2021,Mai,5,WZ08-N,Sonstige wirtschaftliche Dienstleistungen,93.0,40.0,133.0,43.0,242814.0,0.0383
2021-05,2021,Mai,5,WZ08-O,"Öff. Verwaltung, Verteidigung, Sozialversicherung",,,,,,
2021-05,2021,Mai,5,WZ08-P,Erziehung und Unterricht,7.0,3.0,10.0,42.9,94766.0,0.0074
2021-05,2021,Mai,5,WZ08-Q,Gesundheits- und Sozialwesen,12.0,5.0,17.0,41.7,286979.0,0.0042
2021-05,2021,Mai,5,WZ08-R,"Kunst, Unterhaltung und Erholung",10.0,8.0,18.0,80.0,104155.0,0.0096
2021-05,2021,Mai,5,WZ08-S,Erbringung von sonstigen Dienstleistungen,58.0,25.0,83.0,43.1,227740.0,0.0255
2021-06,2021,Juni,6,WZ08-A,"Land- und Forstwirtschaft, Fischerei",7.0,1.0,8.0,14.3,,
2021-06,2021,Juni,6,WZ08-B,Bergbau und Gewinnung von Steinen und Erden,,,,,2322.0,
2021-06,2021,Juni,6,WZ08-C,Verarbeitendes Gewerbe,61.0,13.0,74.0,21.3,227682.0,0.0268
2021-06,2021,Juni,6,WZ08-D,Energieversorgung,10.0,2.0,12.0,20.0,73269.0,0.0136
2021-06,2021,Juni,6,WZ08-E,"Wasserversorg.,Entsorg.,Beseitig.v.Umweltverschm.",3.0,,,,13199.0,0.0227
2021-06,2021,Juni,6,WZ08-F,Baugewerbe,155.0,61.0,216.0,39.4,392388.0,0.0395
2021-06,2021,Juni,6,WZ08-G,"Handel, Instandhaltung und Reparatur von Kfz",140.0,61.0,201.0,43.6,673285.0,0.0208
2021-06,2021,Juni,6,WZ08-H,Verkehr und Lagerei,53.0,21.0,74.0,39.6,119781.0,0.0442
2021-06,2021,Juni,6,WZ08-I,Gastgewerbe,91.0,31.0,122.0,34.1,241820.0,0.0376
2021-06,2021,Juni,6,WZ08-J,Information und Kommunikation,24.0,9.0,33.0,37.5,144033.0,0.0167
2021-06,2021,Juni,6,WZ08-K,Erbringung v. Finanz- u. Versicherungsdienstleist.,24.0,4.0,28.0,16.7,90311.0,0.0266
2021-06,2021,Juni,6,WZ08-L,Grundstücks- und Wohnungswesen,26.0,12.0,38.0,46.2,215096.0,0.0121
2021-06,2021,Juni,6,WZ08-M,"Freiberufliche, wiss. u. techn. Dienstleistungen",65.0,49.0,114.0,75.4,526145.0,0.0124
2021-06,2021,Juni,6,WZ08-N,Sonstige wirtschaftliche Dienstleistungen,92.0,39.0,131.0,42.4,242814.0,0.0379
2021-06,2021,Juni,6,WZ08-O,"Öff. Verwaltung, Verteidigung, Sozialversicherung",,,,,,
2021-06,2021,Juni,6,WZ08-P,Erziehung und Unterricht,11.0,4.0,15.0,36.4,94766.0,0.0116
2021-06,2021,Juni,6,WZ08-Q,Gesundheits- und Sozialwesen,22.0,6.0,28.0,27.3,286979.0,0.0077
2021-06,2021,Juni,6,WZ08-R,"Kunst, Unterhaltung und Erholung",19.0,14.0,33.0,73.7,104155.0,0.0182
2021-06,2021,Juni,6,WZ08-S,Erbringung von sonstigen Dienstleistungen,51.0,16.0,67.0,31.4,227740.0,0.0224
2021-07,2021,Juli,7,WZ08-A,"Land- und Forstwirtschaft, Fischerei",8.0,,,,,
2021-07,2021,Juli,7,WZ08-B,Bergbau und Gewinnung von Steinen und Erden,,,,,2322.0,
2021-07,2021,Juli,7,WZ08-C,Verarbeitendes Gewerbe,59.0,18.0,77.0,30.5,227682.0,0.0259
2021-07,2021,Juli,7,WZ08-D,Energieversorgung,5.0,3.0,8.0,60.0,73269.0,0.0068
2021-07,2021,Juli,7,WZ08-E,"Wasserversorg.,Entsorg.,Beseitig.v.Umweltverschm.",2.0,,,,13199.0,0.0152
2021-07,2021,Juli,7,WZ08-F,Baugewerbe,161.0,61.0,222.0,37.9,392388.0,0.041
2021-07,2021,Juli,7,WZ08-G,"Handel, Instandhaltung und Reparatur von Kfz",137.0,52.0,189.0,38.0,673285.0,0.0203
2021-07,2021,Juli,7,WZ08-H,Verkehr und Lagerei,53.0,23.0,76.0,43.4,119781.0,0.0442
2021-07,2021,Juli,7,WZ08-I,Gastgewerbe,86.0,38.0,124.0,44.2,241820.0,0.0356
2021-07,2021,Juli,7,WZ08-J,Information und Kommunikation,30.0,17.0,47.0,56.7,144033.0,0.0208
2021-07,2021,Juli,7,WZ08-K,Erbringung v. Finanz- u. Versicherungsdienstleist.,10.0,15.0,25.0,150.0,90311.0,0.0111
2021-07,2021,Juli,7,WZ08-L,Grundstücks- und Wohnungswesen,25.0,9.0,34.0,36.0,215096.0,0.0116
2021-07,2021,Juli,7,WZ08-M,"Freiberufliche, wiss. u. techn. Dienstleistungen",78.0,53.0,131.0,67.9,526145.0,0.0148
2021-07,2021,Juli,7,WZ08-N,Sonstige wirtschaftliche Dienstleistungen,83.0,39.0,122.0,47.0,242814.0,0.0342
2021-07,2021,Juli,7,WZ08-O,"Öff. Verwaltung, Verteidigung, Sozialversicherung",,,,,,
2021-07,2021,Juli,7,WZ08-P,Erziehung und Unterricht,11.0,3.0,14.0,27.3,94766.0,0.0116
2021-07,2021,Juli,7,WZ08-Q,Gesundheits- und Sozialwesen,26.0,4.0,30.0,15.4,286979.0,0.0091
2021-07,2021,Juli,7,WZ08-R,"Kunst, Unterhaltung und Erholung",19.0,2.0,21.0,10.5,104155.0,0.0182
2021-07,2021,Juli,7,WZ08-S,Erbringung von sonstigen Dienstleistungen,53.0,17.0,70.0,32.1,227740.0,0.0233
2021-08,2021,August,8,WZ08-A,"Land- und Forstwirtschaft, Fischerei",2.0,1.0,3.0,50.0,,
2021-08,2021,August,8,WZ08-B,Bergbau und Gewinnung von Steinen und Erden,,,,,2322.0,
2021-08,2021,August,8,WZ08-C,Verarbeitendes Gewerbe,47.0,17.0,64.0,36.2,227682.0,0.0206
2021-08,2021,August,8,WZ08-D,Energieversorgung,2.0,,,,73269.0,0.0027
2021-08,2021,August,8,WZ08-E,"Wasserversorg.,Entsorg.,Beseitig.v.Umweltverschm.",1.0,,,,13199.0,0.0076
2021-08,2021,August,8,WZ08-F,Baugewerbe,122.0,68.0,190.0,55.7,392388.0,0.0311
2021-08,2021,August,8,WZ08-G,"Handel, Instandhaltung und Reparatur von Kfz",95.0,46.0,141.0,48.4,673285.0,0.0141
2021-08,2021,August,8,WZ08-H,Verkehr und Lagerei,57.0,33.0,90.0,57.9,119781.0,0.0476
2021-08,2021,August,8,WZ08-I,Gastgewerbe,60.0,36.0,96.0,60.0,241820.0,0.0248
2021-08,2021,August,8,WZ08-J,Information und Kommunikation,21.0,10.0,31.0,47.6,144033.0,0.0146
2021-08,2021,August,8,WZ08-K,Erbringung v. Finanz- u. Versicherungsdienstleist.,21.0,7.0,28.0,33.3,90311.0,0.0233
2021-08,2021,August,8,WZ08-L,Grundstücks- und Wohnungswesen,42.0,15.0,57.0,35.7,215096.0,0.0195
2021-08,2021,August,8,WZ08-M,"Freiberufliche, wiss. u. techn. Dienstleistungen",63.0,27.0,90.0,42.9,526145.0,0.012
2021-08,2021,August,8,WZ08-N,Sonstige wirtschaftliche Dienstleistungen,67.0,43.0,110.0,64.2,242814.0,0.0276
2021-08,2021,August,8,WZ08-O,"Öff. Verwaltung, Verteidigung, Sozialversicherung",,,,,,
2021-08,2021,August,8,WZ08-P,Erziehung und Unterricht,8.0,3.0,11.0,37.5,94766.0,0.0084
2021-08,2021,August,8,WZ08-Q,Gesundheits- und Sozialwesen,24.0,5.0,29.0,20.8,286979.0,0.0084
2021-08,2021,August,8,WZ08-R,"Kunst, Unterhaltung und Erholung",8.0,8.0,16.0,100.0,104155.0,0.0077
2021-08,2021,August,8,WZ08-S,Erbringung von sonstigen Dienstleistungen,45.0,25.0,70.0,55.6,227740.0,0.0198
2021-09,2021,September,9,WZ08-A,"Land- und Forstwirtschaft, Fischerei",12.0,3.0,15.0,25.0,,
2021-09,2021,September,9,WZ08-B,Bergbau und Gewinnung von Steinen und Erden,,,,,2322.0,
2021-09,2021,September,9,WZ08-C,Verarbeitendes Gewerbe,71.0,7.0,78.0,9.9,227682.0,0.0312
2021-09,2021,September,9,WZ08-D,Energieversorgung,,3.0,,,73269.0,
2021-09,2021,September,9,WZ08-E,"Wasserversorg.,Entsorg.,Beseitig.v.Umweltverschm.",2.0,3.0,5.0,150.0,13199.0,0.0152
2021-09,2021,September,9,WZ08-F,Baugewerbe,142.0,48.0,190.0,33.8,392388.0,0.0362
2021-09,2021,September,9,WZ08-G,"Handel, Instandhaltung und Reparatur von Kfz",90.0,53.0,143.0,58.9,673285.0,0.0134
2021-09,2021,September,9,WZ08-H,Verkehr und Lagerei,72.0,22.0,94.0,30.6,119781.0,0.0601
2021-09,2021,September,9,WZ08-I,Gastgewerbe,78.0,19.0,97.0,24.4,241820.0,0.0323
2021-09,2021,September,9,WZ08-J,Information und Kommunikation,19.0,13.0,32.0,68.4,144033.0,0.0132
2021-09,2021,September,9,WZ08-K,Erbringung v. Finanz- u. Versicherungsdienstleist.,11.0,13.0,24.0,118.2,90311.0,0.0122
2021-09,2021,September,9,WZ08-L,Grundstücks- und Wohnungswesen,34.0,11.0,45.0,32.4,215096.0,0.0158
2021-09,2021,September,9,WZ08-M,"Freiberufliche, wiss. u. techn. Dienstleistungen",62.0,29.0,91.0,46.8,526145.0,0.0118
2021-09,2021,September,9,WZ08-N,Sonstige wirtschaftliche Dienstleistungen,73.0,31.0,104.0,42.5,242814.0,0.0301
2021-09,2021,September,9,WZ08-O,"Öff. Verwaltung, Verteidigung, Sozialversicherung",,,,,,
2021-09,2021,September,9,WZ08-P,Erziehung und Unterricht,8.0,2.0,10.0,25.0,94766.0,0.0084
2021-09,2021,September,9,WZ08-Q,Gesundheits- und Sozialwesen,16.0,2.0,18.0,12.5,286979.0,0.0056
2021-09,2021,September,9,WZ08-R,"Kunst, Unterhaltung und Erholung",9.0,6.0,15.0,66.7,104155.0,0.0086
2021-09,2021,September,9,WZ08-S,Erbringung von sonstigen Dienstleistungen,58.0,23.0,81.0,39.7,227740.0,0.0255
2021-10,2021,Oktober,10,WZ08-A,"Land- und Forstwirtschaft, Fischerei",5.0,1.0,6.0,20.0,,
2021-10,2021,Oktober,10,WZ08-B,Bergbau und Gewinnung von Steinen und Erden,2.0,,,,2322.0,0.0861
2021-10,2021,Oktober,10,WZ08-C,Verarbeitendes Gewerbe,63.0,7.0,70.0,11.1,227682.0,0.0277
2021-10,2021,Oktober,10,WZ08-D,Energieversorgung,2.0,2.0,4.0,100.0,73269.0,0.0027
2021-10,2021,Oktober,10,WZ08-E,"Wasserversorg.,Entsorg.,Beseitig.v.Umweltverschm.",1.0,,,,13199.0,0.0076
2021-10,2021,Oktober,10,WZ08-F,Baugewerbe,133.0,60.0,193.0,45.1,392388.0,0.0339
2021-10,2021,Oktober,10,WZ08-G,"Handel, Instandhaltung und Reparatur von Kfz",108.0,52.0,160.0,48.1,673285.0,0.016
2021-10,2021,Oktober,10,WZ08-H,Verkehr und Lagerei,67.0,23.0,90.0,34.3,119781.0,0.0559
2021-10,2021,Oktober,10,WZ08-I,Gastgewerbe,56.0,36.0,92.0,64.3,241820.0,0.0232
2021-10,2021,Oktober,10,WZ08-J,Information und Kommunikation,19.0,14.0,33.0,73.7,144033.0,0.0132
2021-10,2021,Oktober,10,WZ08-K,Erbringung v. Finanz- u. Versicherungsdienstleist.,11.0,7.0,18.0,63.6,90311.0,0.0122
2021-10,2021,Oktober,10,WZ08-L,Grundstücks- und Wohnungswesen,32.0,13.0,45.0,40.6,215096.0,0.0149
2021-10,2021,Oktober,10,WZ08-M,"Freiberufliche, wiss. u. techn. Dienstleistungen",64.0,31.0,95.0,48.4,526145.0,0.0122
2021-10,2021,Oktober,10,WZ08-N,Sonstige wirtschaftliche Dienstleistungen,85.0,34.0,119.0,40.0,242814.0,0.035
2021-10,2021,Oktober,10,WZ08-O,"Öff. Verwaltung, Verteidigung, Sozialversicherung",,,,,,
2021-10,2021,Oktober,10,WZ08-P,Erziehung und Unterricht,6.0,4.0,10.0,66.7,94766.0,0.0063
2021-10,2021,Oktober,10,WZ08-Q,Gesundheits- und Sozialwesen,22.0,3.0,25.0,13.6,286979.0,0.0077
2021-10,2021,Oktober,10,WZ08-R,"Kunst, Unterhaltung und Erholung",13.0,8.0,21.0,61.5,104155.0,0.0125
2021-10,2021,Oktober,10,WZ08-S,Erbringung von sonstigen Dienstleistungen,48.0,24.0,72.0,50.0,227740.0,0.0211
2021-11,2021,November,11,WZ08-A,"Land- und Forstwirtschaft, Fischerei",9.0,,,,,
2021-11,2021,November,11,WZ08-B,Bergbau und Gewinnung von Steinen und Erden,,,,,2322.0,
2021-11,2021,November,11,WZ08-C,Verarbeitendes Gewerbe,53.0,11.0,64.0,20.8,227682.0,0.0233
2021-11,2021,November,11,WZ08-D,Energieversorgung,3.0,2.0,5.0,66.7,73269.0,0.0041
2021-11,2021,November,11,WZ08-E,"Wasserversorg.,Entsorg.,Beseitig.v.Umweltverschm.",4.0,,,,13199.0,0.0303
2021-11,2021,November,11,WZ08-F,Baugewerbe,147.0,58.0,205.0,39.5,392388.0,0.0375
2021-11,2021,November,11,WZ08-G,"Handel, Instandhaltung und Reparatur von Kfz",117.0,55.0,172.0,47.0,673285.0,0.0174
2021-11,2021,November,11,WZ08-H,Verkehr und Lagerei,50.0,23.0,73.0,46.0,119781.0,0.0417
2021-11,2021,November,11,WZ08-I,Gastgewerbe,81.0,21.0,102.0,25.9,241820.0,0.0335
2021-11,2021,November,11,WZ08-J,Information und Kommunikation,33.0,14.0,47.0,42.4,144033.0,0.0229
2021-11,2021,November,11,WZ08-K,Erbringung v. Finanz- u. Versicherungsdienstleist.,8.0,9.0,17.0,112.5,90311.0,0.0089
2021-11,2021,November,11,WZ08-L,Grundstücks- und Wohnungswesen,23.0,12.0,35.0,52.2,215096.0,0.0107
2021-11,2021,November,11,WZ08-M,"Freiberufliche, wiss. u. techn. Dienstleistungen",68.0,47.0,115.0,69.1,526145.0,0.0129
2021-11,2021,November,11,WZ08-N,Sonstige wirtschaftliche Dienstleistungen,75.0,38.0,113.0,50.7,242814.0,0.0309
2021-11,2021,November,11,WZ08-O,"Öff. Verwaltung, Verteidigung, Sozialversicherung",,,,,,
2021-11,2021,November,11,WZ08-P,Erziehung und Unterricht,11.0,1.0,12.0,9.1,94766.0,0.0116
2021-11,2021,November,11,WZ08-Q,Gesundheits- und Sozialwesen,20.0,3.0,23.0,15.0,286979.0,0.007
2021-11,2021,November,11,WZ08-R,"Kunst, Unterhaltung und Erholung",15.0,8.0,23.0,53.3,104155.0,0.0144
2021-11,2021,November,11,WZ08-S,Erbringung von sonstigen Dienstleistungen,51.0,24.0,75.0,47.1,227740.0,0.0224
2021-12,2021,Dezember,12,WZ08-A,"Land- und Forstwirtschaft, Fischerei",13.0,,,,,
2021-12,2021,Dezember,12,WZ08-B,Bergbau und Gewinnung von Steinen und Erden,1.0,,,,2322.0,0.0431
2021-12,2021,Dezember,12,WZ08-C,Verarbeitendes Gewerbe,74.0,15.0,89.0,20.3,227682.0,0.0325
2021-12,2021,Dezember,12,WZ08-D,Energieversorgung,4.0,,,,73269.0,0.0055
2021-12,2021,Dezember,12,WZ08-E,"Wasserversorg.,Entsorg.,Beseitig.v.Umweltverschm.",2.0,1.0,3.0,50.0,13199.0,0.0152
2021-12,2021,Dezember,12,WZ08-F,Baugewerbe,162.0,42.0,204.0,25.9,392388.0,0.0413
2021-12,2021,Dezember,12,WZ08-G,"Handel, Instandhaltung und Reparatur von Kfz",140.0,57.0,197.0,40.7,673285.0,0.0208
2021-12,2021,Dezember,12,WZ08-H,Verkehr und Lagerei,63.0,19.0,82.0,30.2,119781.0,0.0526
2021-12,2021,Dezember,12,WZ08-I,Gastgewerbe,65.0,21.0,86.0,32.3,241820.0,0.0269
2021-12,2021,Dezember,12,WZ08-J,Information und Kommunikation,15.0,7.0,22.0,46.7,144033.0,0.0104
2021-12,2021,Dezember,12,WZ08-K,Erbringung v. Finanz- u. Versicherungsdienstleist.,20.0,9.0,29.0,45.0,90311.0,0.0221
2021-12,2021,Dezember,12,WZ08-L,Grundstücks- und Wohnungswesen,39.0,23.0,62.0,59.0,215096.0,0.0181
2021-12,2021,Dezember,12,WZ08-M,"Freiberufliche, wiss. u. techn. Dienstleistungen",75.0,42.0,117.0,56.0,526145.0,0.0143
2021-12,2021,Dezember,12,WZ08-N,Sonstige wirtschaftliche Dienstleistungen,86.0,31.0,117.0,36.0,242814.0,0.0354
2021-12,2021,Dezember,12,WZ08-O,"Öff. Verwaltung, Verteidigung, Sozialversicherung",,,,,,
2021-12,2021,Dezember,12,WZ08-P,Erziehung und Unterricht,11.0,2.0,13.0,18.2,94766.0,0.0116
2021-12,2021,Dezember,12,WZ08-Q,Gesundheits- und Sozialwesen,28.0,5.0,33.0,17.9,286979.0,0.0098
2021-12,2021,Dezember,12,WZ08-R,"Kunst, Unterhaltung und Erholung",13.0,7.0,20.0,53.8,104155.0,0.0125
2021-12,2021,Dezember,12,WZ08-S,Erbringung von sonstigen Dienstleistungen,55.0,14.0,69.0,25.5,227740.0,0.0242
2022-01,2022,Januar,1,WZ08-A,"Land- und Forstwirtschaft, Fischerei",6.0,,,,,
2022-01,2022,Januar,1,WZ08-B,Bergbau und Gewinnung von Steinen und Erden,1.0,1.0,2.0,100.0,2328.0,0.043
2022-01,2022,Januar,1,WZ08-C,Verarbeitendes Gewerbe,78.0,14.0,92.0,17.9,226191.0,0.0345
2022-01,2022,Januar,1,WZ08-D,Energieversorgung,3.0,,,,75701.0,0.004
2022-01,2022,Januar,1,WZ08-E,"Wasserversorg.,Entsorg.,Beseitig.v.Umweltverschm.",1.0,,,,13246.0,0.0075
2022-01,2022,Januar,1,WZ08-F,Baugewerbe,148.0,58.0,206.0,39.2,395333.0,0.0374
2022-01,2022,Januar,1,WZ08-G,"Handel, Instandhaltung und Reparatur von Kfz",104.0,56.0,160.0,53.8,670323.0,0.0155
2022-01,2022,Januar,1,WZ08-H,Verkehr und Lagerei,53.0,14.0,67.0,26.4,120455.0,0.044
2022-01,2022,Januar,1,WZ08-I,Gastgewerbe,51.0,33.0,84.0,64.7,249925.0,0.0204
2022-01,2022,Januar,1,WZ08-J,Information und Kommunikation,22.0,13.0,35.0,59.1,147421.0,0.0149
2022-01,2022,Januar,1,WZ08-K,Erbringung v. Finanz- u. Versicherungsdienstleist.,13.0,7.0,20.0,53.8,89956.0,0.0145
2022-01,2022,Januar,1,WZ08-L,Grundstücks- und Wohnungswesen,20.0,23.0,43.0,115.0,216461.0,0.0092
2022-01,2022,Januar,1,WZ08-M,"Freiberufliche, wiss. u. techn. Dienstleistungen",72.0,41.0,113.0,56.9,533785.0,0.0135
2022-01,2022,Januar,1,WZ08-N,Sonstige wirtschaftliche Dienstleistungen,72.0,43.0,115.0,59.7,252026.0,0.0286
2022-01,2022,Januar,1,WZ08-O,"Öff. Verwaltung, Verteidigung, Sozialversicherung",,,,,,
2022-01,2022,Januar,1,WZ08-P,Erziehung und Unterricht,11.0,1.0,12.0,9.1,97848.0,0.0112
2022-01,2022,Januar,1,WZ08-Q,Gesundheits- und Sozialwesen,24.0,5.0,29.0,20.8,290188.0,0.0083
2022-01,2022,Januar,1,WZ08-R,"Kunst, Unterhaltung und Erholung",18.0,9.0,27.0,50.0,110561.0,0.0163
2022-01,2022,Januar,1,WZ08-S,Erbringung von sonstigen Dienstleistungen,28.0,14.0,42.0,50.0,235033.0,0.0119
2022-02,2022,Februar,2,WZ08-A,"Land- und Forstwirtschaft, Fischerei",8.0,1.0,9.0,12.5,,
2022-02,2022,Februar,2,WZ08-B,Bergbau und Gewinnung von Steinen und Erden,,,,,2328.0,
2022-02,2022,Februar,2,WZ08-C,Verarbeitendes Gewerbe,75.0,12.0,87.0,16.0,226191.0,0.0332
2022-02,2022,Februar,2,WZ08-D,Energieversorgung,2.0,1.0,3.0,50.0,75701.0,0.0026
2022-02,2022,Februar,2,WZ08-E,"Wasserversorg.,Entsorg.,Beseitig.v.Umweltverschm.",,2.0,,,13246.0,
2022-02,2022,Februar,2,WZ08-F,Baugewerbe,142.0,64.0,206.0,45.1,395333.0,0.0359
2022-02,2022,Februar,2,WZ08-G,"Handel, Instandhaltung und Reparatur von Kfz",104.0,51.0,155.0,49.0,670323.0,0.0155
2022-02,2022,Februar,2,WZ08-H,Verkehr und Lagerei,80.0,15.0,95.0,18.8,120455.0,0.0664
2022-02,2022,Februar,2,WZ08-I,Gastgewerbe,74.0,27.0,101.0,36.5,249925.0,0.0296
2022-02,2022,Februar,2,WZ08-J,Information und Kommunikation,27.0,12.0,39.0,44.4,147421.0,0.0183
2022-02,2022,Februar,2,WZ08-K,Erbringung v. Finanz- u. Versicherungsdienstleist.,19.0,9.0,28.0,47.4,89956.0,0.0211
2022-02,2022,Februar,2,WZ08-L,Grundstücks- und Wohnungswesen,20.0,16.0,36.0,80.0,216461.0,0.0092
2022-02,2022,Februar,2,WZ08-M,"Freiberufliche, wiss. u. techn. Dienstleistungen",78.0,42.0,120.0,53.8,533785.0,0.0146
2022-02,2022,Februar,2,WZ08-N,Sonstige wirtschaftliche Dienstleistungen,99.0,36.0,135.0,36.4,252026.0,0.0393
2022-02,2022,Februar,2,WZ08-O,"Öff. Verwaltung, Verteidigung, Sozialversicherung",,,,,,
2022-02,2022,Februar,2,WZ08-P,Erziehung und Unterricht,12.0,2.0,14.0,16.7,97848.0,0.0123
2022-02,2022,Februar,2,WZ08-Q,Gesundheits- und Sozialwesen,16.0,7.0,23.0,43.8,290188.0,0.0055
2022-02,2022,Februar,2,WZ08-R,"Kunst, Unterhaltung und Erholung",10.0,5.0,15.0,50.0,110561.0,0.009
2022-02,2022,Februar,2,WZ08-S,Erbringung von sonstigen Dienstleistungen,45.0,19.0,64.0,42.2,235033.0,0.0191
2022-03,2022,März,3,WZ08-A,"Land- und Forstwirtschaft, Fischerei",11.0,,,,,
2022-03,2022,März,3,WZ08-B,Bergbau und Gewinnung von Steinen und Erden,1.0,,,,2328.0,0.043
2022-03,2022,März,3,WZ08-C,Verarbeitendes Gewerbe,78.0,17.0,95.0,21.8,226191.0,0.0345
2022-03,2022,März,3,WZ08-D,Energieversorgung,6.0,1.0,7.0,16.7,75701.0,0.0079
2022-03,2022,März,3,WZ08-E,"Wasserversorg.,Entsorg.,Beseitig.v.Umweltverschm.",1.0,2.0,3.0,200.0,13246.0,0.0075
2022-03,2022,März,3,WZ08-F,Baugewerbe,165.0,73.0,238.0,44.2,395333.0,0.0417
2022-03,2022,März,3,WZ08-G,"Handel, Instandhaltung und Reparatur von Kfz",145.0,62.0,207.0,42.8,670323.0,0.0216
2022-03,2022,März,3,WZ08-H,Verkehr und Lagerei,82.0,19.0,101.0,23.2,120455.0,0.0681
2022-03,2022,März,3,WZ08-I,Gastgewerbe,80.0,38.0,118.0,47.5,249925.0,0.032
2022-03,2022,März,3,WZ08-J,Information und Kommunikation,27.0,15.0,42.0,55.6,147421.0,0.0183
2022-03,2022,März,3,WZ08-K,Erbringung v. Finanz- u. Versicherungsdienstleist.,23.0,10.0,33.0,43.5,89956.0,0.0256
2022-03,2022,März,3,WZ08-L,Grundstücks- und Wohnungswesen,24.0,13.0,37.0,54.2,216461.0,0.0111
2022-03,2022,März,3,WZ08-M,"Freiberufliche, wiss. u. techn. Dienstleistungen",73.0,46.0,119.0,63.0,533785.0,0.0137
2022-03,2022,März,3,WZ08-N,Sonstige wirtschaftliche Dienstleistungen,105.0,44.0,149.0,41.9,252026.0,0.0417
2022-03,2022,März,3,WZ08-O,"Öff. Verwaltung, Verteidigung, Sozialversicherung",,,,,,
2022-03,2022,März,3,WZ08-P,Erziehung und Unterricht,6.0,5.0,11.0,83.3,97848.0,0.0061
2022-03,2022,März,3,WZ08-Q,Gesundheits- und Sozialwesen,31.0,6.0,37.0,19.4,290188.0,0.0107
2022-03,2022,März,3,WZ08-R,"Kunst, Unterhaltung und Erholung",16.0,5.0,21.0,31.2,110561.0,0.0145
2022-03,2022,März,3,WZ08-S,Erbringung von sonstigen Dienstleistungen,47.0,17.0,64.0,36.2,235033.0,0.02
2022-04,2022,April,4,WZ08-A,"Land- und Forstwirtschaft, Fischerei",10.0,3.0,13.0,30.0,,
2022-04,2022,April,4,WZ08-B,Bergbau und Gewinnung von Steinen und Erden,,,,,2328.0,
2022-04,2022,April,4,WZ08-C,Verarbeitendes Gewerbe,85.0,16.0,101.0,18.8,226191.0,0.0376
2022-04,2022,April,4,WZ08-D,Energieversorgung,8.0,3.0,11.0,37.5,75701.0,0.0106
2022-04,2022,April,4,WZ08-E,"Wasserversorg.,Entsorg.,Beseitig.v.Umweltverschm.",2.0,,,,13246.0,0.0151
2022-04,2022,April,4,WZ08-F,Baugewerbe,165.0,56.0,221.0,33.9,395333.0,0.0417
2022-04,2022,April,4,WZ08-G,"Handel, Instandhaltung und Reparatur von Kfz",132.0,55.0,187.0,41.7,670323.0,0.0197
2022-04,2022,April,4,WZ08-H,Verkehr und Lagerei,68.0,30.0,98.0,44.1,120455.0,0.0565
2022-04,2022,April,4,WZ08-I,Gastgewerbe,76.0,26.0,102.0,34.2,249925.0,0.0304
2022-04,2022,April,4,WZ08-J,Information und Kommunikation,28.0,11.0,39.0,39.3,147421.0,0.019
2022-04,2022,April,4,WZ08-K,Erbringung v. Finanz- u. Versicherungsdienstleist.,24.0,17.0,41.0,70.8,89956.0,0.0267
2022-04,2022,April,4,WZ08-L,Grundstücks- und Wohnungswesen,19.0,11.0,30.0,57.9,216461.0,0.0088
2022-04,2022,April,4,WZ08-M,"Freiberufliche, wiss. u. techn. Dienstleistungen",77.0,44.0,121.0,57.1,533785.0,0.0144
2022-04,2022,April,4,WZ08-N,Sonstige wirtschaftliche Dienstleistungen,85.0,53.0,138.0,62.4,252026.0,0.0337
2022-04,2022,April,4,WZ08-O,"Öff. Verwaltung, Verteidigung, Sozialversicherung",,,,,,
2022-04,2022,April,4,WZ08-P,Erziehung und Unterricht,10.0,2.0,12.0,20.0,97848.0,0.0102
2022-04,2022,April,4,WZ08-Q,Gesundheits- und Sozialwesen,31.0,5.0,36.0,16.1,290188.0,0.0107
2022-04,2022,April,4,WZ08-R,"Kunst, Unterhaltung und Erholung",13.0,8.0,21.0,61.5,110561.0,0.0118
2022-04,2022,April,4,WZ08-S,Erbringung von sonstigen Dienstleistungen,53.0,22.0,75.0,41.5,235033.0,0.0226
2022-05,2022,Mai,5,WZ08-A,"Land- und Forstwirtschaft, Fischerei",5.0,,,,,
2022-05,2022,Mai,5,WZ08-B,Bergbau und Gewinnung von Steinen und Erden,,,,,2328.0,
2022-05,2022,Mai,5,WZ08-C,Verarbeitendes Gewerbe,77.0,12.0,89.0,15.6,226191.0,0.034
2022-05,2022,Mai,5,WZ08-D,Energieversorgung,4.0,3.0,7.0,75.0,75701.0,0.0053
2022-05,2022,Mai,5,WZ08-E,"Wasserversorg.,Entsorg.,Beseitig.v.Umweltverschm.",1.0,1.0,2.0,100.0,13246.0,0.0075
2022-05,2022,Mai,5,WZ08-F,Baugewerbe,161.0,72.0,233.0,44.7,395333.0,0.0407
2022-05,2022,Mai,5,WZ08-G,"Handel, Instandhaltung und Reparatur von Kfz",142.0,41.0,183.0,28.9,670323.0,0.0212
2022-05,2022,Mai,5,WZ08-H,Verkehr und Lagerei,87.0,26.0,113.0,29.9,120455.0,0.0722
2022-05,2022,Mai,5,WZ08-I,Gastgewerbe,72.0,25.0,97.0,34.7,249925.0,0.0288
2022-05,2022,Mai,5,WZ08-J,Information und Kommunikation,21.0,11.0,32.0,52.4,147421.0,0.0142
2022-05,2022,Mai,5,WZ08-K,Erbringung v. Finanz- u. Versicherungsdienstleist.,18.0,16.0,34.0,88.9,89956.0,0.02
2022-05,2022,Mai,5,WZ08-L,Grundstücks- und Wohnungswesen,27.0,14.0,41.0,51.9,216461.0,0.0125
2022-05,2022,Mai,5,WZ08-M,"Freiberufliche, wiss. u. techn. Dienstleistungen",93.0,56.0,149.0,60.2,533785.0,0.0174
2022-05,2022,Mai,5,WZ08-N,Sonstige wirtschaftliche Dienstleistungen,97.0,35.0,132.0,36.1,252026.0,0.0385
2022-05,2022,Mai,5,WZ08-O,"Öff. Verwaltung, Verteidigung, Sozialversicherung",,,,,,
2022-05,2022,Mai,5,WZ08-P,Erziehung und Unterricht,15.0,1.0,16.0,6.7,97848.0,0.0153
2022-05,2022,Mai,5,WZ08-Q,Gesundheits- und Sozialwesen,29.0,4.0,33.0,13.8,290188.0,0.01
2022-05,2022,Mai,5,WZ08-R,"Kunst, Unterhaltung und Erholung",13.0,3.0,16.0,23.1,110561.0,0.0118
2022-05,2022,Mai,5,WZ08-S,Erbringung von sonstigen Dienstleistungen,40.0,20.0,60.0,50.0,235033.0,0.017
2022-06,2022,Juni,6,WZ08-A,"Land- und Forstwirtschaft, Fischerei",3.0,,,,,
2022-06,2022,Juni,6,WZ08-B,Bergbau und Gewinnung von Steinen und Erden,,,,,2328.0,
2022-06,2022,Juni,6,WZ08-C,Verarbeitendes Gewerbe,61.0,11.0,72.0,18.0,226191.0,0.027
2022-06,2022,Juni,6,WZ08-D,Energieversorgung,6.0,,,,75701.0,0.0079
2022-06,2022,Juni,6,WZ08-E,"Wasserversorg.,Entsorg.,Beseitig.v.Umweltverschm.",2.0,,,,13246.0,0.0151
2022-06,2022,Juni,6,WZ08-F,Baugewerbe,145.0,81.0,226.0,55.9,395333.0,0.0367
2022-06,2022,Juni,6,WZ08-G,"Handel, Instandhaltung und Reparatur von Kfz",120.0,46.0,166.0,38.3,670323.0,0.0179
2022-06,2022,Juni,6,WZ08-H,Verkehr und Lagerei,62.0,28.0,90.0,45.2,120455.0,0.0515
2022-06,2022,Juni,6,WZ08-I,Gastgewerbe,68.0,31.0,99.0,45.6,249925.0,0.0272
2022-06,2022,Juni,6,WZ08-J,Information und Kommunikation,18.0,12.0,30.0,66.7,147421.0,0.0122
2022-06,2022,Juni,6,WZ08-K,Erbringung v. Finanz- u. Versicherungsdienstleist.,21.0,5.0,26.0,23.8,89956.0,0.0233
2022-06,2022,Juni,6,WZ08-L,Grundstücks- und Wohnungswesen,20.0,7.0,27.0,35.0,216461.0,0.0092
2022-06,2022,Juni,6,WZ08-M,"Freiberufliche, wiss. u. techn. Dienstleistungen",88.0,39.0,127.0,44.3,533785.0,0.0165
2022-06,2022,Juni,6,WZ08-N,Sonstige wirtschaftliche Dienstleistungen,82.0,41.0,123.0,50.0,252026.0,0.0325
2022-06,2022,Juni,6,WZ08-O,"Öff. Verwaltung, Verteidigung, Sozialversicherung",,,,,,
2022-06,2022,Juni,6,WZ08-P,Erziehung und Unterricht,15.0,6.0,21.0,40.0,97848.0,0.0153
2022-06,2022,Juni,6,WZ08-Q,Gesundheits- und Sozialwesen,23.0,4.0,27.0,17.4,290188.0,0.0079
2022-06,2022,Juni,6,WZ08-R,"Kunst, Unterhaltung und Erholung",22.0,8.0,30.0,36.4,110561.0,0.0199
2022-06,2022,Juni,6,WZ08-S,Erbringung von sonstigen Dienstleistungen,47.0,18.0,65.0,38.3,235033.0,0.02
2022-07,2022,Juli,7,WZ08-A,"Land- und Forstwirtschaft, Fischerei",7.0,1.0,8.0,14.3,,
2022-07,2022,Juli,7,WZ08-B,Bergbau und Gewinnung von Steinen und Erden,,,,,2328.0,
2022-07,2022,Juli,7,WZ08-C,Verarbeitendes Gewerbe,74.0,15.0,89.0,20.3,226191.0,0.0327
2022-07,2022,Juli,7,WZ08-D,Energieversorgung,4.0,1.0,5.0,25.0,75701.0,0.0053
2022-07,2022,Juli,7,WZ08-E,"Wasserversorg.,Entsorg.,Beseitig.v.Umweltverschm.",4.0,1.0,5.0,25.0,13246.0,0.0302
2022-07,2022,Juli,7,WZ08-F,Baugewerbe,181.0,64.0,245.0,35.4,395333.0,0.0458
2022-07,2022,Juli,7,WZ08-G,"Handel, Instandhaltung und Reparatur von Kfz",108.0,56.0,164.0,51.9,670323.0,0.0161
2022-07,2022,Juli,7,WZ08-H,Verkehr und Lagerei,69.0,13.0,82.0,18.8,120455.0,0.0573
2022-07,2022,Juli,7,WZ08-I,Gastgewerbe,70.0,28.0,98.0,40.0,249925.0,0.028
2022-07,2022,Juli,7,WZ08-J,Information und Kommunikation,33.0,12.0,45.0,36.4,147421.0,0.0224
2022-07,2022,Juli,7,WZ08-K,Erbringung v. Finanz- u. Versicherungsdienstleist.,16.0,13.0,29.0,81.2,89956.0,0.0178
2022-07,2022,Juli,7,WZ08-L,Grundstücks- und Wohnungswesen,26.0,10.0,36.0,38.5,216461.0,0.012
2022-07,2022,Juli,7,WZ08-M,"Freiberufliche, wiss. u. techn. Dienstleistungen",60.0,41.0,101.0,68.3,533785.0,0.0112
2022-07,2022,Juli,7,WZ08-N,Sonstige wirtschaftliche Dienstleistungen,86.0,47.0,133.0,54.7,252026.0,0.0341
2022-07,2022,Juli,7,WZ08-O,"Öff. Verwaltung, Verteidigung, Sozialversicherung",,,,,,
2022-07,2022,Juli,7,WZ08-P,Erziehung und Unterricht,13.0,5.0,18.0,38.5,97848.0,0.0133
2022-07,2022,Juli,7,WZ08-Q,Gesundheits- und Sozialwesen,21.0,4.0,25.0,19.0,290188.0,0.0072
2022-07,2022,Juli,7,WZ08-R,"Kunst, Unterhaltung und Erholung",13.0,3.0,16.0,23.1,110561.0,0.0118
2022-07,2022,Juli,7,WZ08-S,Erbringung von sonstigen Dienstleistungen,33.0,22.0,55.0,66.7,235033.0,0.014
2022-08,2022,August,8,WZ08-A,"Land- und Forstwirtschaft, Fischerei",7.0,3.0,10.0,42.9,,
2022-08,2022,August,8,WZ08-B,Bergbau und Gewinnung von Steinen und Erden,1.0,,,,2328.0,0.043
2022-08,2022,August,8,WZ08-C,Verarbeitendes Gewerbe,74.0,15.0,89.0,20.3,226191.0,0.0327
2022-08,2022,August,8,WZ08-D,Energieversorgung,,4.0,,,75701.0,
2022-08,2022,August,8,WZ08-E,"Wasserversorg.,Entsorg.,Beseitig.v.Umweltverschm.",1.0,,,,13246.0,0.0075
2022-08,2022,August,8,WZ08-F,Baugewerbe,139.0,59.0,198.0,42.4,395333.0,0.0352
2022-08,2022,August,8,WZ08-G,"Handel, Instandhaltung und Reparatur von Kfz",119.0,48.0,167.0,40.3,670323.0,0.0178
2022-08,2022,August,8,WZ08-H,Verkehr und Lagerei,56.0,27.0,83.0,48.2,120455.0,0.0465
2022-08,2022,August,8,WZ08-I,Gastgewerbe,63.0,25.0,88.0,39.7,249925.0,0.0252
2022-08,2022,August,8,WZ08-J,Information und Kommunikation,24.0,14.0,38.0,58.3,147421.0,0.0163
2022-08,2022,August,8,WZ08-K,Erbringung v. Finanz- u. Versicherungsdienstleist.,20.0,17.0,37.0,85.0,89956.0,0.0222
2022-08,2022,August,8,WZ08-L,Grundstücks- und Wohnungswesen,26.0,20.0,46.0,76.9,216461.0,0.012
2022-08,2022,August,8,WZ08-M,"Freiberufliche, wiss. u. techn. Dienstleistungen",74.0,41.0,115.0,55.4,533785.0,0.0139
2022-08,2022,August,8,WZ08-N,Sonstige wirtschaftliche Dienstleistungen,81.0,34.0,115.0,42.0,252026.0,0.0321
2022-08,2022,August,8,WZ08-O,"Öff. Verwaltung, Verteidigung, Sozialversicherung",,,,,,
2022-08,2022,August,8,WZ08-P,Erziehung und Unterricht,11.0,4.0,15.0,36.4,97848.0,0.0112
2022-08,2022,August,8,WZ08-Q,Gesundheits- und Sozialwesen,18.0,1.0,19.0,5.6,290188.0,0.0062
2022-08,2022,August,8,WZ08-R,"Kunst, Unterhaltung und Erholung",15.0,7.0,22.0,46.7,110561.0,0.0136
2022-08,2022,August,8,WZ08-S,Erbringung von sonstigen Dienstleistungen,82.0,17.0,99.0,20.7,235033.0,0.0349
2022-09,2022,September,9,WZ08-A,"Land- und Forstwirtschaft, Fischerei",3.0,2.0,5.0,66.7,,
2022-09,2022,September,9,WZ08-B,Bergbau und Gewinnung von Steinen und Erden,,,,,2328.0,
2022-09,2022,September,9,WZ08-C,Verarbeitendes Gewerbe,87.0,11.0,98.0,12.6,226191.0,0.0385
2022-09,2022,September,9,WZ08-D,Energieversorgung,4.0,1.0,5.0,25.0,75701.0,0.0053
2022-09,2022,September,9,WZ08-E,"Wasserversorg.,Entsorg.,Beseitig.v.Umweltverschm.",1.0,,,,13246.0,0.0075
2022-09,2022,September,9,WZ08-F,Baugewerbe,146.0,51.0,197.0,34.9,395333.0,0.0369
2022-09,2022,September,9,WZ08-G,"Handel, Instandhaltung und Reparatur von Kfz",134.0,48.0,182.0,35.8,670323.0,0.02
2022-09,2022,September,9,WZ08-H,Verkehr und Lagerei,79.0,21.0,100.0,26.6,120455.0,0.0656
2022-09,2022,September,9,WZ08-I,Gastgewerbe,94.0,20.0,114.0,21.3,249925.0,0.0376
2022-09,2022,September,9,WZ08-J,Information und Kommunikation,33.0,12.0,45.0,36.4,147421.0,0.0224
2022-09,2022,September,9,WZ08-K,Erbringung v. Finanz- u. Versicherungsdienstleist.,22.0,8.0,30.0,36.4,89956.0,0.0245
2022-09,2022,September,9,WZ08-L,Grundstücks- und Wohnungswesen,30.0,12.0,42.0,40.0,216461.0,0.0139
2022-09,2022,September,9,WZ08-M,"Freiberufliche, wiss. u. techn. Dienstleistungen",80.0,39.0,119.0,48.8,533785.0,0.015
2022-09,2022,September,9,WZ08-N,Sonstige wirtschaftliche Dienstleistungen,94.0,40.0,134.0,42.6,252026.0,0.0373
2022-09,2022,September,9,WZ08-O,"Öff. Verwaltung, Verteidigung, Sozialversicherung",,,,,,
2022-09,2022,September,9,WZ08-P,Erziehung und Unterricht,15.0,5.0,20.0,33.3,97848.0,0.0153
2022-09,2022,September,9,WZ08-Q,Gesundheits- und Sozialwesen,27.0,3.0,30.0,11.1,290188.0,0.0093
2022-09,2022,September,9,WZ08-R,"Kunst, Unterhaltung und Erholung",20.0,4.0,24.0,20.0,110561.0,0.0181
2022-09,2022,September,9,WZ08-S,Erbringung von sonstigen Dienstleistungen,62.0,21.0,83.0,33.9,235033.0,0.0264
2022-10,2022,Oktober,10,WZ08-A,"Land- und Forstwirtschaft, Fischerei",5.0,3.0,8.0,60.0,,
2022-10,2022,Oktober,10,WZ08-B,Bergbau und Gewinnung von Steinen und Erden,1.0,,,,2328.0,0.043
2022-10,2022,Oktober,10,WZ08-C,Verarbeitendes Gewerbe,62.0,9.0,71.0,14.5,226191.0,0.0274
2022-10,2022,Oktober,10,WZ08-D,Energieversorgung,2.0,2.0,4.0,100.0,75701.0,0.0026
2022-10,2022,Oktober,10,WZ08-E,"Wasserversorg.,Entsorg.,Beseitig.v.Umweltverschm.",1.0,1.0,2.0,100.0,13246.0,0.0075
2022-10,2022,Oktober,10,WZ08-F,Baugewerbe,172.0,79.0,251.0,45.9,395333.0,0.0435
2022-10,2022,Oktober,10,WZ08-G,"Handel, Instandhaltung und Reparatur von Kfz",136.0,70.0,206.0,51.5,670323.0,0.0203
2022-10,2022,Oktober,10,WZ08-H,Verkehr und Lagerei,56.0,35.0,91.0,62.5,120455.0,0.0465
2022-10,2022,Oktober,10,WZ08-I,Gastgewerbe,75.0,26.0,101.0,34.7,249925.0,0.03
2022-10,2022,Oktober,10,WZ08-J,Information und Kommunikation,37.0,10.0,47.0,27.0,147421.0,0.0251
2022-10,2022,Oktober,10,WZ08-K,Erbringung v. Finanz- u. Versicherungsdienstleist.,16.0,20.0,36.0,125.0,89956.0,0.0178
2022-10,2022,Oktober,10,WZ08-L,Grundstücks- und Wohnungswesen,20.0,17.0,37.0,85.0,216461.0,0.0092
2022-10,2022,Oktober,10,WZ08-M,"Freiberufliche, wiss. u. techn. Dienstleistungen",71.0,32.0,103.0,45.1,533785.0,0.0133
2022-10,2022,Oktober,10,WZ08-N,Sonstige wirtschaftliche Dienstleistungen,87.0,48.0,135.0,55.2,252026.0,0.0345
2022-10,2022,Oktober,10,WZ08-O,"Öff. Verwaltung, Verteidigung, Sozialversicherung",,,,,,
2022-10,2022,Oktober,10,WZ08-P,Erziehung und Unterricht,10.0,1.0,11.0,10.0,97848.0,0.0102
2022-10,2022,Oktober,10,WZ08-Q,Gesundheits- und Sozialwesen,34.0,2.0,36.0,5.9,290188.0,0.0117
2022-10,2022,Oktober,10,WZ08-R,"Kunst, Unterhaltung und Erholung",26.0,8.0,34.0,30.8,110561.0,0.0235
2022-10,2022,Oktober,10,WZ08-S,Erbringung von sonstigen Dienstleistungen,43.0,28.0,71.0,65.1,235033.0,0.0183
2022-11,2022,November,11,WZ08-A,"Land- und Forstwirtschaft, Fischerei",3.0,,,,,
2022-11,2022,November,11,WZ08-B,Bergbau und Gewinnung von Steinen und Erden,,,,,2328.0,
2022-11,2022,November,11,WZ08-C,Verarbeitendes Gewerbe,99.0,10.0,109.0,10.1,226191.0,0.0438
2022-11,2022,November,11,WZ08-D,Energieversorgung,4.0,1.0,5.0,25.0,75701.0,0.0053
2022-11,2022,November,11,WZ08-E,"Wasserversorg.,Entsorg.,Beseitig.v.Umweltverschm.",1.0,1.0,2.0,100.0,13246.0,0.0075
2022-11,2022,November,11,WZ08-F,Baugewerbe,165.0,72.0,237.0,43.6,395333.0,0.0417
2022-11,2022,November,11,WZ08-G,"Handel, Instandhaltung und Reparatur von Kfz",154.0,53.0,207.0,34.4,670323.0,0.023
2022-11,2022,November,11,WZ08-H,Verkehr und Lagerei,73.0,25.0,98.0,34.2,120455.0,0.0606
2022-11,2022,November,11,WZ08-I,Gastgewerbe,87.0,39.0,126.0,44.8,249925.0,0.0348
2022-11,2022,November,11,WZ08-J,Information und Kommunikation,43.0,14.0,57.0,32.6,147421.0,0.0292
2022-11,2022,November,11,WZ08-K,Erbringung v. Finanz- u. Versicherungsdienstleist.,17.0,5.0,22.0,29.4,89956.0,0.0189
2022-11,2022,November,11,WZ08-L,Grundstücks- und Wohnungswesen,27.0,11.0,38.0,40.7,216461.0,0.0125
2022-11,2022,November,11,WZ08-M,"Freiberufliche, wiss. u. techn. Dienstleistungen",82.0,48.0,130.0,58.5,533785.0,0.0154
2022-11,2022,November,11,WZ08-N,Sonstige wirtschaftliche Dienstleistungen,115.0,35.0,150.0,30.4,252026.0,0.0456
2022-11,2022,November,11,WZ08-O,"Öff. Verwaltung, Verteidigung, Sozialversicherung",,,,,,
2022-11,2022,November,11,WZ08-P,Erziehung und Unterricht,8.0,,,,97848.0,0.0082
2022-11,2022,November,11,WZ08-Q,Gesundheits- und Sozialwesen,21.0,2.0,23.0,9.5,290188.0,0.0072
2022-11,2022,November,11,WZ08-R,"Kunst, Unterhaltung und Erholung",20.0,6.0,26.0,30.0,110561.0,0.0181
2022-11,2022,November,11,WZ08-S,Erbringung von sonstigen Dienstleistungen,53.0,18.0,71.0,34.0,235033.0,0.0226
2022-12,2022,Dezember,12,WZ08-A,"Land- und Forstwirtschaft, Fischerei",6.0,1.0,7.0,16.7,,
2022-12,2022,Dezember,12,WZ08-B,Bergbau und Gewinnung von Steinen und Erden,1.0,1.0,2.0,100.0,2328.0,0.043
2022-12,2022,Dezember,12,WZ08-C,Verarbeitendes Gewerbe,101.0,19.0,120.0,18.8,226191.0,0.0447
2022-12,2022,Dezember,12,WZ08-D,Energieversorgung,3.0,1.0,4.0,33.3,75701.0,0.004
2022-12,2022,Dezember,12,WZ08-E,"Wasserversorg.,Entsorg.,Beseitig.v.Umweltverschm.",3.0,,,,13246.0,0.0226
2022-12,2022,Dezember,12,WZ08-F,Baugewerbe,176.0,64.0,240.0,36.4,395333.0,0.0445
2022-12,2022,Dezember,12,WZ08-G,"Handel, Instandhaltung und Reparatur von Kfz",182.0,73.0,255.0,40.1,670323.0,0.0272
2022-12,2022,Dezember,12,WZ08-H,Verkehr und Lagerei,65.0,20.0,85.0,30.8,120455.0,0.054
2022-12,2022,Dezember,12,WZ08-I,Gastgewerbe,69.0,38.0,107.0,55.1,249925.0,0.0276
2022-12,2022,Dezember,12,WZ08-J,Information und Kommunikation,30.0,14.0,44.0,46.7,147421.0,0.0203
2022-12,2022,Dezember,12,WZ08-K,Erbringung v. Finanz- u. Versicherungsdienstleist.,19.0,8.0,27.0,42.1,89956.0,0.0211
2022-12,2022,Dezember,12,WZ08-L,Grundstücks- und Wohnungswesen,21.0,17.0,38.0,81.0,216461.0,0.0097
2022-12,2022,Dezember,12,WZ08-M,"Freiberufliche, wiss. u. techn. Dienstleistungen",87.0,54.0,141.0,62.1,533785.0,0.0163
2022-12,2022,Dezember,12,WZ08-N,Sonstige wirtschaftliche Dienstleistungen,98.0,50.0,148.0,51.0,252026.0,0.0389
2022-12,2022,Dezember,12,WZ08-O,"Öff. Verwaltung, Verteidigung, Sozialversicherung",,,,,,
2022-12,2022,Dezember,12,WZ08-P,Erziehung und Unterricht,16.0,1.0,17.0,6.2,97848.0,0.0164
2022-12,2022,Dezember,12,WZ08-Q,Gesundheits- und Sozialwesen,32.0,10.0,42.0,31.2,290188.0,0.011
2022-12,2022,Dezember,12,WZ08-R,"Kunst, Unterhaltung und Erholung",26.0,6.0,32.0,23.1,110561.0,0.0235
2022-12,2022,Dezember,12,WZ08-S,Erbringung von sonstigen Dienstleistungen,63.0,15.0,78.0,23.8,235033.0,0.0268
2023-01,2023,Januar,1,WZ08-A,"Land- und Forstwirtschaft, Fischerei",10.0,1.0,11.0,10.0,,
2023-01,2023,Januar,1,WZ08-B,Bergbau und Gewinnung von Steinen und Erden,2.0,1.0,3.0,50.0,2300.0,0.087
2023-01,2023,Januar,1,WZ08-C,Verarbeitendes Gewerbe,83.0,11.0,94.0,13.3,223043.0,0.0372
2023-01,2023,Januar,1,WZ08-D,Energieversorgung,2.0,,,,84072.0,0.0024
2023-01,2023,Januar,1,WZ08-E,"Wasserversorg.,Entsorg.,Beseitig.v.Umweltverschm.",2.0,1.0,3.0,50.0,13244.0,0.0151
2023-01,2023,Januar,1,WZ08-F,Baugewerbe,177.0,69.0,246.0,39.0,397172.0,0.0446
2023-01,2023,Januar,1,WZ08-G,"Handel, Instandhaltung und Reparatur von Kfz",128.0,76.0,204.0,59.4,664536.0,0.0193
2023-01,2023,Januar,1,WZ08-H,Verkehr und Lagerei,74.0,21.0,95.0,28.4,120545.0,0.0614
2023-01,2023,Januar,1,WZ08-I,Gastgewerbe,65.0,36.0,101.0,55.4,252952.0,0.0257
2023-01,2023,Januar,1,WZ08-J,Information und Kommunikation,34.0,12.0,46.0,35.3,152867.0,0.0222
2023-01,2023,Januar,1,WZ08-K,Erbringung v. Finanz- u. Versicherungsdienstleist.,25.0,15.0,40.0,60.0,88558.0,0.0282
2023-01,2023,Januar,1,WZ08-L,Grundstücks- und Wohnungswesen,19.0,11.0,30.0,57.9,218691.0,0.0087
2023-01,2023,Januar,1,WZ08-M,"Freiberufliche, wiss. u. techn. Dienstleistungen",85.0,49.0,134.0,57.6,543935.0,0.0156
2023-01,2023,Januar,1,WZ08-N,Sonstige wirtschaftliche Dienstleistungen,94.0,38.0,132.0,40.4,259804.0,0.0362
2023-01,2023,Januar,1,WZ08-O,"Öff. Verwaltung, Verteidigung, Sozialversicherung",,,,,,
2023-01,2023,Januar,1,WZ08-P,Erziehung und Unterricht,16.0,1.0,17.0,6.2,100100.0,0.016
2023-01,2023,Januar,1,WZ08-Q,Gesundheits- und Sozialwesen,27.0,6.0,33.0,22.2,289040.0,0.0093
2023-01,2023,Januar,1,WZ08-R,"Kunst, Unterhaltung und Erholung",19.0,5.0,24.0,26.3,115074.0,0.0165
2023-01,2023,Januar,1,WZ08-S,Erbringung von sonstigen Dienstleistungen,38.0,18.0,56.0,47.4,239994.0,0.0158
2023-02,2023,Februar,2,WZ08-A,"Land- und Forstwirtschaft, Fischerei",9.0,3.0,12.0,33.3,,
2023-02,2023,Februar,2,WZ08-B,Bergbau und Gewinnung von Steinen und Erden,1.0,,,,2300.0,0.0435
2023-02,2023,Februar,2,WZ08-C,Verarbeitendes Gewerbe,91.0,9.0,100.0,9.9,223043.0,0.0408
2023-02,2023,Februar,2,WZ08-D,Energieversorgung,,,,,84072.0,
2023-02,2023,Februar,2,WZ08-E,"Wasserversorg.,Entsorg.,Beseitig.v.Umweltverschm.",2.0,1.0,3.0,50.0,13244.0,0.0151
2023-02,2023,Februar,2,WZ08-F,Baugewerbe,166.0,71.0,237.0,42.8,397172.0,0.0418
2023-02,2023,Februar,2,WZ08-G,"Handel, Instandhaltung und Reparatur von Kfz",177.0,57.0,234.0,32.2,664536.0,0.0266
2023-02,2023,Februar,2,WZ08-H,Verkehr und Lagerei,70.0,22.0,92.0,31.4,120545.0,0.0581
2023-02,2023,Februar,2,WZ08-I,Gastgewerbe,102.0,35.0,137.0,34.3,252952.0,0.0403
2023-02,2023,Februar,2,WZ08-J,Information und Kommunikation,43.0,14.0,57.0,32.6,152867.0,0.0281
2023-02,2023,Februar,2,WZ08-K,Erbringung v. Finanz- u. Versicherungsdienstleist.,20.0,9.0,29.0,45.0,88558.0,0.0226
2023-02,2023,Februar,2,WZ08-L,Grundstücks- und Wohnungswesen,40.0,5.0,45.0,12.5,218691.0,0.0183
2023-02,2023,Februar,2,WZ08-M,"Freiberufliche, wiss. u. techn. Dienstleistungen",79.0,40.0,119.0,50.6,543935.0,0.0145
2023-02,2023,Februar,2,WZ08-N,Sonstige wirtschaftliche Dienstleistungen,108.0,33.0,141.0,30.6,259804.0,0.0416
2023-02,2023,Februar,2,WZ08-O,"Öff. Verwaltung, Verteidigung, Sozialversicherung",,,,,,
2023-02,2023,Februar,2,WZ08-P,Erziehung und Unterricht,18.0,4.0,22.0,22.2,100100.0,0.018
2023-02,2023,Februar,2,WZ08-Q,Gesundheits- und Sozialwesen,40.0,1.0,41.0,2.5,289040.0,0.0138
2023-02,2023,Februar,2,WZ08-R,"Kunst, Unterhaltung und Erholung",19.0,5.0,24.0,26.3,115074.0,0.0165
2023-02,2023,Februar,2,WZ08-S,Erbringung von sonstigen Dienstleistungen,54.0,14.0,68.0,25.9,239994.0,0.0225
2023-03,2023,März,3,WZ08-A,"Land- und Forstwirtschaft, Fischerei",8.0,,,,,
2023-03,2023,März,3,WZ08-B,Bergbau und Gewinnung von Steinen und Erden,,,,,2300.0,
2023-03,2023,März,3,WZ08-C,Verarbeitendes Gewerbe,109.0,16.0,125.0,14.7,223043.0,0.0489
2023-03,2023,März,3,WZ08-D,Energieversorgung,3.0,,,,84072.0,0.0036
2023-03,2023,März,3,WZ08-E,"Wasserversorg.,Entsorg.,Beseitig.v.Umweltverschm.",1.0,,,,13244.0,0.0076
2023-03,2023,März,3,WZ08-F,Baugewerbe,191.0,70.0,261.0,36.6,397172.0,0.0481
2023-03,2023,März,3,WZ08-G,"Handel, Instandhaltung und Reparatur von Kfz",171.0,63.0,234.0,36.8,664536.0,0.0257
2023-03,2023,März,3,WZ08-H,Verkehr und Lagerei,74.0,19.0,93.0,25.7,120545.0,0.0614
2023-03,2023,März,3,WZ08-I,Gastgewerbe,95.0,37.0,132.0,38.9,252952.0,0.0376
2023-03,2023,März,3,WZ08-J,Information und Kommunikation,48.0,17.0,65.0,35.4,152867.0,0.0314
2023-03,2023,März,3,WZ08-K,Erbringung v. Finanz- u. Versicherungsdienstleist.,19.0,14.0,33.0,73.7,88558.0,0.0215
2023-03,2023,März,3,WZ08-L,Grundstücks- und Wohnungswesen,49.0,14.0,63.0,28.6,218691.0,0.0224
2023-03,2023,März,3,WZ08-M,"Freiberufliche, wiss. u. techn. Dienstleistungen",106.0,37.0,143.0,34.9,543935.0,0.0195
2023-03,2023,März,3,WZ08-N,Sonstige wirtschaftliche Dienstleistungen,110.0,53.0,163.0,48.2,259804.0,0.0423
2023-03,2023,März,3,WZ08-O,"Öff. Verwaltung, Verteidigung, Sozialversicherung",,,,,,
2023-03,2023,März,3,WZ08-P,Erziehung und Unterricht,13.0,2.0,15.0,15.4,100100.0,0.013
2023-03,2023,März,3,WZ08-Q,Gesundheits- und Sozialwesen,38.0,5.0,43.0,13.2,289040.0,0.0131
2023-03,2023,März,3,WZ08-R,"Kunst, Unterhaltung und Erholung",27.0,7.0,34.0,25.9,115074.0,0.0235
2023-03,2023,März,3,WZ08-S,Erbringung von sonstigen Dienstleistungen,49.0,19.0,68.0,38.8,239994.0,0.0204
2023-04,2023,April,4,WZ08-A,"Land- und Forstwirtschaft, Fischerei",5.0,3.0,8.0,60.0,,
2023-04,2023,April,4,WZ08-B,Bergbau und Gewinnung von Steinen und Erden,,,,,2300.0,
2023-04,2023,April,4,WZ08-C,Verarbeitendes Gewerbe,82.0,15.0,97.0,18.3,223043.0,0.0368
2023-04,2023,April,4,WZ08-D,Energieversorgung,5.0,,,,84072.0,0.0059
2023-04,2023,April,4,WZ08-E,"Wasserversorg.,Entsorg.,Beseitig.v.Umweltverschm.",,2.0,,,13244.0,
2023-04,2023,April,4,WZ08-F,Baugewerbe,165.0,70.0,235.0,42.4,397172.0,0.0415
2023-04,2023,April,4,WZ08-G,"Handel, Instandhaltung und Reparatur von Kfz",129.0,60.0,189.0,46.5,664536.0,0.0194
2023-04,2023,April,4,WZ08-H,Verkehr und Lagerei,89.0,19.0,108.0,21.3,120545.0,0.0738
2023-04,2023,April,4,WZ08-I,Gastgewerbe,104.0,34.0,138.0,32.7,252952.0,0.0411
2023-04,2023,April,4,WZ08-J,Information und Kommunikation,47.0,16.0,63.0,34.0,152867.0,0.0307
2023-04,2023,April,4,WZ08-K,Erbringung v. Finanz- u. Versicherungsdienstleist.,10.0,11.0,21.0,110.0,88558.0,0.0113
2023-04,2023,April,4,WZ08-L,Grundstücks- und Wohnungswesen,32.0,13.0,45.0,40.6,218691.0,0.0146
2023-04,2023,April,4,WZ08-M,"Freiberufliche, wiss. u. techn. Dienstleistungen",100.0,51.0,151.0,51.0,543935.0,0.0184
2023-04,2023,April,4,WZ08-N,Sonstige wirtschaftliche Dienstleistungen,119.0,51.0,170.0,42.9,259804.0,0.0458
2023-04,2023,April,4,WZ08-O,"Öff. Verwaltung, Verteidigung, Sozialversicherung",,,,,,
2023-04,2023,April,4,WZ08-P,Erziehung und Unterricht,11.0,3.0,14.0,27.3,100100.0,0.011
2023-04,2023,April,4,WZ08-Q,Gesundheits- und Sozialwesen,94.0,3.0,97.0,3.2,289040.0,0.0325
2023-04,2023,April,4,WZ08-R,"Kunst, Unterhaltung und Erholung",16.0,6.0,22.0,37.5,115074.0,0.0139
2023-04,2023,April,4,WZ08-S,Erbringung von sonstigen Dienstleistungen,47.0,16.0,63.0,34.0,239994.0,0.0196
2023-05,2023,Mai,5,WZ08-A,"Land- und Forstwirtschaft, Fischerei",9.0,1.0,10.0,11.1,,
2023-05,2023,Mai,5,WZ08-B,Bergbau und Gewinnung von Steinen und Erden,,,,,2300.0,
2023-05,2023,Mai,5,WZ08-C,Verarbeitendes Gewerbe,106.0,17.0,123.0,16.0,223043.0,0.0475
2023-05,2023,Mai,5,WZ08-D,Energieversorgung,1.0,1.0,2.0,100.0,84072.0,0.0012
2023-05,2023,Mai,5,WZ08-E,"Wasserversorg.,Entsorg.,Beseitig.v.Umweltverschm.",2.0,1.0,3.0,50.0,13244.0,0.0151
2023-05,2023,Mai,5,WZ08-F,Baugewerbe,199.0,71.0,270.0,35.7,397172.0,0.0501
2023-05,2023,Mai,5,WZ08-G,"Handel, Instandhaltung und Reparatur von Kfz",170.0,74.0,244.0,43.5,664536.0,0.0256
2023-05,2023,Mai,5,WZ08-H,Verkehr und Lagerei,66.0,26.0,92.0,39.4,120545.0,0.0548
2023-05,2023,Mai,5,WZ08-I,Gastgewerbe,109.0,44.0,153.0,40.4,252952.0,0.0431
2023-05,2023,Mai,5,WZ08-J,Information und Kommunikation,38.0,15.0,53.0,39.5,152867.0,0.0249
2023-05,2023,Mai,5,WZ08-K,Erbringung v. Finanz- u. Versicherungsdienstleist.,17.0,13.0,30.0,76.5,88558.0,0.0192
2023-05,2023,Mai,5,WZ08-L,Grundstücks- und Wohnungswesen,38.0,22.0,60.0,57.9,218691.0,0.0174
2023-05,2023,Mai,5,WZ08-M,"Freiberufliche, wiss. u. techn. Dienstleistungen",75.0,49.0,124.0,65.3,543935.0,0.0138
2023-05,2023,Mai,5,WZ08-N,Sonstige wirtschaftliche Dienstleistungen,122.0,43.0,165.0,35.2,259804.0,0.047
2023-05,2023,Mai,5,WZ08-O,"Öff. Verwaltung, Verteidigung, Sozialversicherung",,,,,,
2023-05,2023,Mai,5,WZ08-P,Erziehung und Unterricht,14.0,,,,100100.0,0.014
2023-05,2023,Mai,5,WZ08-Q,Gesundheits- und Sozialwesen,39.0,6.0,45.0,15.4,289040.0,0.0135
2023-05,2023,Mai,5,WZ08-R,"Kunst, Unterhaltung und Erholung",16.0,4.0,20.0,25.0,115074.0,0.0139
2023-05,2023,Mai,5,WZ08-S,Erbringung von sonstigen Dienstleistungen,51.0,19.0,70.0,37.3,239994.0,0.0213
2023-06,2023,Juni,6,WZ08-A,"Land- und Forstwirtschaft, Fischerei",11.0,,,,,
2023-06,2023,Juni,6,WZ08-B,Bergbau und Gewinnung von Steinen und Erden,,,,,2300.0,
2023-06,2023,Juni,6,WZ08-C,Verarbeitendes Gewerbe,111.0,23.0,134.0,20.7,223043.0,0.0498
2023-06,2023,Juni,6,WZ08-D,Energieversorgung,4.0,1.0,5.0,25.0,84072.0,0.0048
2023-06,2023,Juni,6,WZ08-E,"Wasserversorg.,Entsorg.,Beseitig.v.Umweltverschm.",1.0,2.0,3.0,200.0,13244.0,0.0076
2023-06,2023,Juni,6,WZ08-F,Baugewerbe,204.0,70.0,274.0,34.3,397172.0,0.0514
2023-06,2023,Juni,6,WZ08-G,"Handel, Instandhaltung und Reparatur von Kfz",179.0,70.0,249.0,39.1,664536.0,0.0269
2023-06,2023,Juni,6,WZ08-H,Verkehr und Lagerei,66.0,28.0,94.0,42.4,120545.0,0.0548
2023-06,2023,Juni,6,WZ08-I,Gastgewerbe,97.0,37.0,134.0,38.1,252952.0,0.0383
2023-06,2023,Juni,6,WZ08-J,Information und Kommunikation,43.0,18.0,61.0,41.9,152867.0,0.0281
2023-06,2023,Juni,6,WZ08-K,Erbringung v. Finanz- u. Versicherungsdienstleist.,21.0,11.0,32.0,52.4,88558.0,0.0237
2023-06,2023,Juni,6,WZ08-L,Grundstücks- und Wohnungswesen,54.0,23.0,77.0,42.6,218691.0,0.0247
2023-06,2023,Juni,6,WZ08-M,"Freiberufliche, wiss. u. techn. Dienstleistungen",104.0,45.0,149.0,43.3,543935.0,0.0191
2023-06,2023,Juni,6,WZ08-N,Sonstige wirtschaftliche Dienstleistungen,106.0,45.0,151.0,42.5,259804.0,0.0408
2023-06,2023,Juni,6,WZ08-O,"Öff. Verwaltung, Verteidigung, Sozialversicherung",,,,,,
2023-06,2023,Juni,6,WZ08-P,Erziehung und Unterricht,18.0,2.0,20.0,11.1,100100.0,0.018
2023-06,2023,Juni,6,WZ08-Q,Gesundheits- und Sozialwesen,41.0,4.0,45.0,9.8,289040.0,0.0142
2023-06,2023,Juni,6,WZ08-R,"Kunst, Unterhaltung und Erholung",25.0,7.0,32.0,28.0,115074.0,0.0217
2023-06,2023,Juni,6,WZ08-S,Erbringung von sonstigen Dienstleistungen,59.0,18.0,77.0,30.5,239994.0,0.0246
2023-07,2023,Juli,7,WZ08-A,"Land- und Forstwirtschaft, Fischerei",12.0,,,,,
2023-07,2023,Juli,7,WZ08-B,Bergbau und Gewinnung von Steinen und Erden,1.0,,,,2300.0,0.0435
2023-07,2023,Juli,7,WZ08-C,Verarbeitendes Gewerbe,100.0,26.0,126.0,26.0,223043.0,0.0448
2023-07,2023,Juli,7,WZ08-D,Energieversorgung,3.0,1.0,4.0,33.3,84072.0,0.0036
2023-07,2023,Juli,7,WZ08-E,"Wasserversorg.,Entsorg.,Beseitig.v.Umweltverschm.",3.0,,,,13244.0,0.0227
2023-07,2023,Juli,7,WZ08-F,Baugewerbe,198.0,74.0,272.0,37.4,397172.0,0.0499
2023-07,2023,Juli,7,WZ08-G,"Handel, Instandhaltung und Reparatur von Kfz",182.0,57.0,239.0,31.3,664536.0,0.0274
2023-07,2023,Juli,7,WZ08-H,Verkehr und Lagerei,64.0,21.0,85.0,32.8,120545.0,0.0531
2023-07,2023,Juli,7,WZ08-I,Gastgewerbe,93.0,32.0,125.0,34.4,252952.0,0.0368
2023-07,2023,Juli,7,WZ08-J,Information und Kommunikation,51.0,15.0,66.0,29.4,152867.0,0.0334
2023-07,2023,Juli,7,WZ08-K,Erbringung v. Finanz- u. Versicherungsdienstleist.,21.0,16.0,37.0,76.2,88558.0,0.0237
2023-07,2023,Juli,7,WZ08-L,Grundstücks- und Wohnungswesen,34.0,18.0,52.0,52.9,218691.0,0.0155
2023-07,2023,Juli,7,WZ08-M,"Freiberufliche, wiss. u. techn. Dienstleistungen",103.0,77.0,180.0,74.8,543935.0,0.0189
2023-07,2023,Juli,7,WZ08-N,Sonstige wirtschaftliche Dienstleistungen,124.0,55.0,179.0,44.4,259804.0,0.0477
2023-07,2023,Juli,7,WZ08-O,"Öff. Verwaltung, Verteidigung, Sozialversicherung",,,,,,
2023-07,2023,Juli,7,WZ08-P,Erziehung und Unterricht,14.0,3.0,17.0,21.4,100100.0,0.014
2023-07,2023,Juli,7,WZ08-Q,Gesundheits- und Sozialwesen,71.0,5.0,76.0,7.0,289040.0,0.0246
2023-07,2023,Juli,7,WZ08-R,"Kunst, Unterhaltung und Erholung",29.0,5.0,34.0,17.2,115074.0,0.0252
2023-07,2023,Juli,7,WZ08-S,Erbringung von sonstigen Dienstleistungen,54.0,24.0,78.0,44.4,239994.0,0.0225
2023-08,2023,August,8,WZ08-A,"Land- und Forstwirtschaft, Fischerei",7.0,2.0,9.0,28.6,,
2023-08,2023,August,8,WZ08-B,Bergbau und Gewinnung von Steinen und Erden,,,,,2300.0,
2023-08,2023,August,8,WZ08-C,Verarbeitendes Gewerbe,98.0,27.0,125.0,27.6,223043.0,0.0439
2023-08,2023,August,8,WZ08-D,Energieversorgung,2.0,2.0,4.0,100.0,84072.0,0.0024
2023-08,2023,August,8,WZ08-E,"Wasserversorg.,Entsorg.,Beseitig.v.Umweltverschm.",,1.0,,,13244.0,
2023-08,2023,August,8,WZ08-F,Baugewerbe,182.0,88.0,270.0,48.4,397172.0,0.0458
2023-08,2023,August,8,WZ08-G,"Handel, Instandhaltung und Reparatur von Kfz",173.0,70.0,243.0,40.5,664536.0,0.026
2023-08,2023,August,8,WZ08-H,Verkehr und Lagerei,69.0,36.0,105.0,52.2,120545.0,0.0572
2023-08,2023,August,8,WZ08-I,Gastgewerbe,116.0,44.0,160.0,37.9,252952.0,0.0459
2023-08,2023,August,8,WZ08-J,Information und Kommunikation,38.0,14.0,52.0,36.8,152867.0,0.0249
2023-08,2023,August,8,WZ08-K,Erbringung v. Finanz- u. Versicherungsdienstleist.,16.0,10.0,26.0,62.5,88558.0,0.0181
2023-08,2023,August,8,WZ08-L,Grundstücks- und Wohnungswesen,33.0,16.0,49.0,48.5,218691.0,0.0151
2023-08,2023,August,8,WZ08-M,"Freiberufliche, wiss. u. techn. Dienstleistungen",91.0,57.0,148.0,62.6,543935.0,0.0167
2023-08,2023,August,8,WZ08-N,Sonstige wirtschaftliche Dienstleistungen,118.0,54.0,172.0,45.8,259804.0,0.0454
2023-08,2023,August,8,WZ08-O,"Öff. Verwaltung, Verteidigung, Sozialversicherung",,,,,,
2023-08,2023,August,8,WZ08-P,Erziehung und Unterricht,20.0,,,,100100.0,0.02
2023-08,2023,August,8,WZ08-Q,Gesundheits- und Sozialwesen,43.0,7.0,50.0,16.3,289040.0,0.0149
2023-08,2023,August,8,WZ08-R,"Kunst, Unterhaltung und Erholung",30.0,8.0,38.0,26.7,115074.0,0.0261
2023-08,2023,August,8,WZ08-S,Erbringung von sonstigen Dienstleistungen,66.0,18.0,84.0,27.3,239994.0,0.0275
2023-09,2023,September,9,WZ08-A,"Land- und Forstwirtschaft, Fischerei",10.0,2.0,12.0,20.0,,
2023-09,2023,September,9,WZ08-B,Bergbau und Gewinnung von Steinen und Erden,2.0,,,,2300.0,0.087
2023-09,2023,September,9,WZ08-C,Verarbeitendes Gewerbe,122.0,10.0,132.0,8.2,223043.0,0.0547
2023-09,2023,September,9,WZ08-D,Energieversorgung,6.0,,,,84072.0,0.0071
2023-09,2023,September,9,WZ08-E,"Wasserversorg.,Entsorg.,Beseitig.v.Umweltverschm.",3.0,1.0,4.0,33.3,13244.0,0.0227
2023-09,2023,September,9,WZ08-F,Baugewerbe,187.0,70.0,257.0,37.4,397172.0,0.0471
2023-09,2023,September,9,WZ08-G,"Handel, Instandhaltung und Reparatur von Kfz",190.0,62.0,252.0,32.6,664536.0,0.0286
2023-09,2023,September,9,WZ08-H,Verkehr und Lagerei,62.0,17.0,79.0,27.4,120545.0,0.0514
2023-09,2023,September,9,WZ08-I,Gastgewerbe,112.0,32.0,144.0,28.6,252952.0,0.0443
2023-09,2023,September,9,WZ08-J,Information und Kommunikation,63.0,16.0,79.0,25.4,152867.0,0.0412
2023-09,2023,September,9,WZ08-K,Erbringung v. Finanz- u. Versicherungsdienstleist.,19.0,15.0,34.0,78.9,88558.0,0.0215
2023-09,2023,September,9,WZ08-L,Grundstücks- und Wohnungswesen,38.0,20.0,58.0,52.6,218691.0,0.0174
2023-09,2023,September,9,WZ08-M,"Freiberufliche, wiss. u. techn. Dienstleistungen",109.0,58.0,167.0,53.2,543935.0,0.02
2023-09,2023,September,9,WZ08-N,Sonstige wirtschaftliche Dienstleistungen,115.0,34.0,149.0,29.6,259804.0,0.0443
2023-09,2023,September,9,WZ08-O,"Öff. Verwaltung, Verteidigung, Sozialversicherung",,,,,,
2023-09,2023,September,9,WZ08-P,Erziehung und Unterricht,11.0,5.0,16.0,45.5,100100.0,0.011
2023-09,2023,September,9,WZ08-Q,Gesundheits- und Sozialwesen,50.0,8.0,58.0,16.0,289040.0,0.0173
2023-09,2023,September,9,WZ08-R,"Kunst, Unterhaltung und Erholung",25.0,9.0,34.0,36.0,115074.0,0.0217
2023-09,2023,September,9,WZ08-S,Erbringung von sonstigen Dienstleistungen,58.0,16.0,74.0,27.6,239994.0,0.0242
2023-10,2023,Oktober,10,WZ08-A,"Land- und Forstwirtschaft, Fischerei",7.0,1.0,8.0,14.3,,
2023-10,2023,Oktober,10,WZ08-B,Bergbau und Gewinnung von Steinen und Erden,,,,,2300.0,
2023-10,2023,Oktober,10,WZ08-C,Verarbeitendes Gewerbe,101.0,17.0,118.0,16.8,223043.0,0.0453
2023-10,2023,Oktober,10,WZ08-D,Energieversorgung,2.0,,,,84072.0,0.0024
2023-10,2023,Oktober,10,WZ08-E,"Wasserversorg.,Entsorg.,Beseitig.v.Umweltverschm.",3.0,1.0,4.0,33.3,13244.0,0.0227
2023-10,2023,Oktober,10,WZ08-F,Baugewerbe,172.0,64.0,236.0,37.2,397172.0,0.0433
2023-10,2023,Oktober,10,WZ08-G,"Handel, Instandhaltung und Reparatur von Kfz",181.0,78.0,259.0,43.1,664536.0,0.0272
2023-10,2023,Oktober,10,WZ08-H,Verkehr und Lagerei,62.0,24.0,86.0,38.7,120545.0,0.0514
2023-10,2023,Oktober,10,WZ08-I,Gastgewerbe,99.0,34.0,133.0,34.3,252952.0,0.0391
2023-10,2023,Oktober,10,WZ08-J,Information und Kommunikation,42.0,15.0,57.0,35.7,152867.0,0.0275
2023-10,2023,Oktober,10,WZ08-K,Erbringung v. Finanz- u. Versicherungsdienstleist.,22.0,12.0,34.0,54.5,88558.0,0.0248
2023-10,2023,Oktober,10,WZ08-L,Grundstücks- und Wohnungswesen,32.0,21.0,53.0,65.6,218691.0,0.0146
2023-10,2023,Oktober,10,WZ08-M,"Freiberufliche, wiss. u. techn. Dienstleistungen",94.0,62.0,156.0,66.0,543935.0,0.0173
2023-10,2023,Oktober,10,WZ08-N,Sonstige wirtschaftliche Dienstleistungen,109.0,41.0,150.0,37.6,259804.0,0.042
2023-10,2023,Oktober,10,WZ08-O,"Öff. Verwaltung, Verteidigung, Sozialversicherung",,,,,,
2023-10,2023,Oktober,10,WZ08-P,Erziehung und Unterricht,13.0,5.0,18.0,38.5,100100.0,0.013
2023-10,2023,Oktober,10,WZ08-Q,Gesundheits- und Sozialwesen,72.0,5.0,77.0,6.9,289040.0,0.0249
2023-10,2023,Oktober,10,WZ08-R,"Kunst, Unterhaltung und Erholung",21.0,7.0,28.0,33.3,115074.0,0.0182
2023-10,2023,Oktober,10,WZ08-S,Erbringung von sonstigen Dienstleistungen,43.0,19.0,62.0,44.2,239994.0,0.0179
2023-11,2023,November,11,WZ08-A,"Land- und Forstwirtschaft, Fischerei",9.0,3.0,12.0,33.3,,
2023-11,2023,November,11,WZ08-B,Bergbau und Gewinnung von Steinen und Erden,,,,,2300.0,
2023-11,2023,November,11,WZ08-C,Verarbeitendes Gewerbe,83.0,16.0,99.0,19.3,223043.0,0.0372
2023-11,2023,November,11,WZ08-D,Energieversorgung,2.0,4.0,6.0,200.0,84072.0,0.0024
2023-11,2023,November,11,WZ08-E,"Wasserversorg.,Entsorg.,Beseitig.v.Umweltverschm.",3.0,1.0,4.0,33.3,13244.0,0.0227
2023-11,2023,November,11,WZ08-F,Baugewerbe,185.0,79.0,264.0,42.7,397172.0,0.0466
2023-11,2023,November,11,WZ08-G,"Handel, Instandhaltung und Reparatur von Kfz",151.0,73.0,224.0,48.3,664536.0,0.0227
2023-11,2023,November,11,WZ08-H,Verkehr und Lagerei,68.0,34.0,102.0,50.0,120545.0,0.0564
2023-11,2023,November,11,WZ08-I,Gastgewerbe,105.0,41.0,146.0,39.0,252952.0,0.0415
2023-11,2023,November,11,WZ08-J,Information und Kommunikation,41.0,16.0,57.0,39.0,152867.0,0.0268
2023-11,2023,November,11,WZ08-K,Erbringung v. Finanz- u. Versicherungsdienstleist.,17.0,14.0,31.0,82.4,88558.0,0.0192
2023-11,2023,November,11,WZ08-L,Grundstücks- und Wohnungswesen,48.0,27.0,75.0,56.2,218691.0,0.0219
2023-11,2023,November,11,WZ08-M,"Freiberufliche, wiss. u. techn. Dienstleistungen",107.0,56.0,163.0,52.3,543935.0,0.0197
2023-11,2023,November,11,WZ08-N,Sonstige wirtschaftliche Dienstleistungen,113.0,54.0,167.0,47.8,259804.0,0.0435
2023-11,2023,November,11,WZ08-O,"Öff. Verwaltung, Verteidigung, Sozialversicherung",,,,,,
2023-11,2023,November,11,WZ08-P,Erziehung und Unterricht,15.0,4.0,19.0,26.7,100100.0,0.015
2023-11,2023,November,11,WZ08-Q,Gesundheits- und Sozialwesen,48.0,7.0,55.0,14.6,289040.0,0.0166
2023-11,2023,November,11,WZ08-R,"Kunst, Unterhaltung und Erholung",20.0,5.0,25.0,25.0,115074.0,0.0174
2023-11,2023,November,11,WZ08-S,Erbringung von sonstigen Dienstleistungen,51.0,13.0,64.0,25.5,239994.0,0.0213
2023-12,2023,Dezember,12,WZ08-A,"Land- und Forstwirtschaft, Fischerei",5.0,2.0,7.0,40.0,,
2023-12,2023,Dezember,12,WZ08-B,Bergbau und Gewinnung von Steinen und Erden,,,,,2300.0,
2023-12,2023,Dezember,12,WZ08-C,Verarbeitendes Gewerbe,93.0,12.0,105.0,12.9,223043.0,0.0417
2023-12,2023,Dezember,12,WZ08-D,Energieversorgung,6.0,,,,84072.0,0.0071
2023-12,2023,Dezember,12,WZ08-E,"Wasserversorg.,Entsorg.,Beseitig.v.Umweltverschm.",,1.0,,,13244.0,
2023-12,2023,Dezember,12,WZ08-F,Baugewerbe,190.0,68.0,258.0,35.8,397172.0,0.0478
2023-12,2023,Dezember,12,WZ08-G,"Handel, Instandhaltung und Reparatur von Kfz",180.0,59.0,239.0,32.8,664536.0,0.0271
2023-12,2023,Dezember,12,WZ08-H,Verkehr und Lagerei,73.0,25.0,98.0,34.2,120545.0,0.0606
2023-12,2023,Dezember,12,WZ08-I,Gastgewerbe,114.0,26.0,140.0,22.8,252952.0,0.0451
2023-12,2023,Dezember,12,WZ08-J,Information und Kommunikation,45.0,21.0,66.0,46.7,152867.0,0.0294
2023-12,2023,Dezember,12,WZ08-K,Erbringung v. Finanz- u. Versicherungsdienstleist.,22.0,13.0,35.0,59.1,88558.0,0.0248
2023-12,2023,Dezember,12,WZ08-L,Grundstücks- und Wohnungswesen,57.0,21.0,78.0,36.8,218691.0,0.0261
2023-12,2023,Dezember,12,WZ08-M,"Freiberufliche, wiss. u. techn. Dienstleistungen",119.0,53.0,172.0,44.5,543935.0,0.0219
2023-12,2023,Dezember,12,WZ08-N,Sonstige wirtschaftliche Dienstleistungen,120.0,35.0,155.0,29.2,259804.0,0.0462
2023-12,2023,Dezember,12,WZ08-O,"Öff. Verwaltung, Verteidigung, Sozialversicherung",,,,,,
2023-12,2023,Dezember,12,WZ08-P,Erziehung und Unterricht,21.0,4.0,25.0,19.0,100100.0,0.021
2023-12,2023,Dezember,12,WZ08-Q,Gesundheits- und Sozialwesen,46.0,7.0,53.0,15.2,289040.0,0.0159
2023-12,2023,Dezember,12,WZ08-R,"Kunst, Unterhaltung und Erholung",27.0,13.0,40.0,48.1,115074.0,0.0235
2023-12,2023,Dezember,12,WZ08-S,Erbringung von sonstigen Dienstleistungen,53.0,19.0,72.0,35.8,239994.0,0.0221
2024-01,2024,Januar,1,WZ08-A,"Land- und Forstwirtschaft, Fischerei",5.0,2.0,7.0,40.0,,
2024-01,2024,Januar,1,WZ08-B,Bergbau und Gewinnung von Steinen und Erden,1.0,,,,2280.0,0.0439
2024-01,2024,Januar,1,WZ08-C,Verarbeitendes Gewerbe,109.0,20.0,129.0,18.3,220606.0,0.0494
2024-01,2024,Januar,1,WZ08-D,Energieversorgung,2.0,,,,76684.0,0.0026
2024-01,2024,Januar,1,WZ08-E,"Wasserversorg.,Entsorg.,Beseitig.v.Umweltverschm.",3.0,,,,13368.0,0.0224
2024-01,2024,Januar,1,WZ08-F,Baugewerbe,197.0,79.0,276.0,40.1,396328.0,0.0497
2024-01,2024,Januar,1,WZ08-G,"Handel, Instandhaltung und Reparatur von Kfz",184.0,75.0,259.0,40.8,659860.0,0.0279
2024-01,2024,Januar,1,WZ08-H,Verkehr und Lagerei,69.0,28.0,97.0,40.6,121475.0,0.0568
2024-01,2024,Januar,1,WZ08-I,Gastgewerbe,103.0,34.0,137.0,33.0,261672.0,0.0394
2024-01,2024,Januar,1,WZ08-J,Information und Kommunikation,47.0,24.0,71.0,51.1,155067.0,0.0303
2024-01,2024,Januar,1,WZ08-K,Erbringung v. Finanz- u. Versicherungsdienstleist.,22.0,11.0,33.0,50.0,95842.0,0.023
2024-01,2024,Januar,1,WZ08-L,Grundstücks- und Wohnungswesen,42.0,28.0,70.0,66.7,246287.0,0.0171
2024-01,2024,Januar,1,WZ08-M,"Freiberufliche, wiss. u. techn. Dienstleistungen",126.0,82.0,208.0,65.1,553376.0,0.0228
2024-01,2024,Januar,1,WZ08-N,Sonstige wirtschaftliche Dienstleistungen,133.0,49.0,182.0,36.8,270471.0,0.0492
2024-01,2024,Januar,1,WZ08-O,"Öff. Verwaltung, Verteidigung, Sozialversicherung",,,,,,
2024-01,2024,Januar,1,WZ08-P,Erziehung und Unterricht,16.0,2.0,18.0,12.5,104133.0,0.0154
2024-01,2024,Januar,1,WZ08-Q,Gesundheits- und Sozialwesen,29.0,3.0,32.0,10.3,295508.0,0.0098
2024-01,2024,Januar,1,WZ08-R,"Kunst, Unterhaltung und Erholung",17.0,8.0,25.0,47.1,121124.0,0.014
2024-01,2024,Januar,1,WZ08-S,Erbringung von sonstigen Dienstleistungen,52.0,20.0,72.0,38.5,249974.0,0.0208
2024-02,2024,Februar,2,WZ08-A,"Land- und Forstwirtschaft, Fischerei",7.0,1.0,8.0,14.3,,
2024-02,2024,Februar,2,WZ08-B,Bergbau und Gewinnung von Steinen und Erden,,,,,2280.0,
2024-02,2024,Februar,2,WZ08-C,Verarbeitendes Gewerbe,157.0,16.0,173.0,10.2,220606.0,0.0712
2024-02,2024,Februar,2,WZ08-D,Energieversorgung,6.0,2.0,8.0,33.3,76684.0,0.0078
2024-02,2024,Februar,2,WZ08-E,"Wasserversorg.,Entsorg.,Beseitig.v.Umweltverschm.",4.0,1.0,5.0,25.0,13368.0,0.0299
2024-02,2024,Februar,2,WZ08-F,Baugewerbe,232.0,78.0,310.0,33.6,396328.0,0.0585
2024-02,2024,Februar,2,WZ08-G,"Handel, Instandhaltung und Reparatur von Kfz",178.0,89.0,267.0,50.0,659860.0,0.027
2024-02,2024,Februar,2,WZ08-H,Verkehr und Lagerei,69.0,27.0,96.0,39.1,121475.0,0.0568
2024-02,2024,Februar,2,WZ08-I,Gastgewerbe,128.0,39.0,167.0,30.5,261672.0,0.0489
2024-02,2024,Februar,2,WZ08-J,Information und Kommunikation,45.0,16.0,61.0,35.6,155067.0,0.029
2024-02,2024,Februar,2,WZ08-K,Erbringung v. Finanz- u. Versicherungsdienstleist.,27.0,14.0,41.0,51.9,95842.0,0.0282
2024-02,2024,Februar,2,WZ08-L,Grundstücks- und Wohnungswesen,76.0,31.0,107.0,40.8,246287.0,0.0309
2024-02,2024,Februar,2,WZ08-M,"Freiberufliche, wiss. u. techn. Dienstleistungen",115.0,71.0,186.0,61.7,553376.0,0.0208
2024-02,2024,Februar,2,WZ08-N,Sonstige wirtschaftliche Dienstleistungen,127.0,45.0,172.0,35.4,270471.0,0.047
2024-02,2024,Februar,2,WZ08-O,"Öff. Verwaltung, Verteidigung, Sozialversicherung",,,,,,
2024-02,2024,Februar,2,WZ08-P,Erziehung und Unterricht,14.0,4.0,18.0,28.6,104133.0,0.0134
2024-02,2024,Februar,2,WZ08-Q,Gesundheits- und Sozialwesen,42.0,7.0,49.0,16.7,295508.0,0.0142
2024-02,2024,Februar,2,WZ08-R,"Kunst, Unterhaltung und Erholung",26.0,10.0,36.0,38.5,121124.0,0.0215
2024-02,2024,Februar,2,WZ08-S,Erbringung von sonstigen Dienstleistungen,64.0,17.0,81.0,26.6,249974.0,0.0256
2024-03,2024,März,3,WZ08-A,"Land- und Forstwirtschaft, Fischerei",7.0,1.0,8.0,14.3,,
2024-03,2024,März,3,WZ08-B,Bergbau und Gewinnung von Steinen und Erden,,,,,2280.0,
2024-03,2024,März,3,WZ08-C,Verarbeitendes Gewerbe,112.0,24.0,136.0,21.4,220606.0,0.0508
2024-03,2024,März,3,WZ08-D,Energieversorgung,1.0,1.0,2.0,100.0,76684.0,0.0013
2024-03,2024,März,3,WZ08-E,"Wasserversorg.,Entsorg.,Beseitig.v.Umweltverschm.",5.0,1.0,6.0,20.0,13368.0,0.0374
2024-03,2024,März,3,WZ08-F,Baugewerbe,246.0,79.0,325.0,32.1,396328.0,0.0621
2024-03,2024,März,3,WZ08-G,"Handel, Instandhaltung und Reparatur von Kfz",214.0,80.0,294.0,37.4,659860.0,0.0324
2024-03,2024,März,3,WZ08-H,Verkehr und Lagerei,85.0,37.0,122.0,43.5,121475.0,0.07
2024-03,2024,März,3,WZ08-I,Gastgewerbe,122.0,36.0,158.0,29.5,261672.0,0.0466
2024-03,2024,März,3,WZ08-J,Information und Kommunikation,42.0,27.0,69.0,64.3,155067.0,0.0271
2024-03,2024,März,3,WZ08-K,Erbringung v. Finanz- u. Versicherungsdienstleist.,42.0,22.0,64.0,52.4,95842.0,0.0438
2024-03,2024,März,3,WZ08-L,Grundstücks- und Wohnungswesen,79.0,35.0,114.0,44.3,246287.0,0.0321
2024-03,2024,März,3,WZ08-M,"Freiberufliche, wiss. u. techn. Dienstleistungen",103.0,54.0,157.0,52.4,553376.0,0.0186
2024-03,2024,März,3,WZ08-N,Sonstige wirtschaftliche Dienstleistungen,127.0,51.0,178.0,40.2,270471.0,0.047
2024-03,2024,März,3,WZ08-O,"Öff. Verwaltung, Verteidigung, Sozialversicherung",,,,,,
2024-03,2024,März,3,WZ08-P,Erziehung und Unterricht,13.0,4.0,17.0,30.8,104133.0,0.0125
2024-03,2024,März,3,WZ08-Q,Gesundheits- und Sozialwesen,56.0,3.0,59.0,5.4,295508.0,0.019
2024-03,2024,März,3,WZ08-R,"Kunst, Unterhaltung und Erholung",20.0,7.0,27.0,35.0,121124.0,0.0165
2024-03,2024,März,3,WZ08-S,Erbringung von sonstigen Dienstleistungen,48.0,18.0,66.0,37.5,249974.0,0.0192
2024-04,2024,April,4,WZ08-A,"Land- und Forstwirtschaft, Fischerei",8.0,,,,,
2024-04,2024,April,4,WZ08-B,Bergbau und Gewinnung von Steinen und Erden,,,,,2280.0,
2024-04,2024,April,4,WZ08-C,Verarbeitendes Gewerbe,123.0,19.0,142.0,15.4,220606.0,0.0558
2024-04,2024,April,4,WZ08-D,Energieversorgung,3.0,,,,76684.0,0.0039
2024-04,2024,April,4,WZ08-E,"Wasserversorg.,Entsorg.,Beseitig.v.Umweltverschm.",2.0,,,,13368.0,0.015
2024-04,2024,April,4,WZ08-F,Baugewerbe,237.0,93.0,330.0,39.2,396328.0,0.0598
2024-04,2024,April,4,WZ08-G,"Handel, Instandhaltung und Reparatur von Kfz",207.0,97.0,304.0,46.9,659860.0,0.0314
2024-04,2024,April,4,WZ08-H,Verkehr und Lagerei,78.0,30.0,108.0,38.5,121475.0,0.0642
2024-04,2024,April,4,WZ08-I,Gastgewerbe,136.0,37.0,173.0,27.2,261672.0,0.052
2024-04,2024,April,4,WZ08-J,Information und Kommunikation,52.0,21.0,73.0,40.4,155067.0,0.0335
2024-04,2024,April,4,WZ08-K,Erbringung v. Finanz- u. Versicherungsdienstleist.,31.0,17.0,48.0,54.8,95842.0,0.0323
2024-04,2024,April,4,WZ08-L,Grundstücks- und Wohnungswesen,68.0,32.0,100.0,47.1,246287.0,0.0276
2024-04,2024,April,4,WZ08-M,"Freiberufliche, wiss. u. techn. Dienstleistungen",148.0,81.0,229.0,54.7,553376.0,0.0267
2024-04,2024,April,4,WZ08-N,Sonstige wirtschaftliche Dienstleistungen,140.0,58.0,198.0,41.4,270471.0,0.0518
2024-04,2024,April,4,WZ08-O,"Öff. Verwaltung, Verteidigung, Sozialversicherung",,,,,,
2024-04,2024,April,4,WZ08-P,Erziehung und Unterricht,16.0,1.0,17.0,6.2,104133.0,0.0154
2024-04,2024,April,4,WZ08-Q,Gesundheits- und Sozialwesen,64.0,5.0,69.0,7.8,295508.0,0.0217
2024-04,2024,April,4,WZ08-R,"Kunst, Unterhaltung und Erholung",14.0,10.0,24.0,71.4,121124.0,0.0116
2024-04,2024,April,4,WZ08-S,Erbringung von sonstigen Dienstleistungen,58.0,20.0,78.0,34.5,249974.0,0.0232
2024-05,2024,Mai,5,WZ08-A,"Land- und Forstwirtschaft, Fischerei",6.0,1.0,7.0,16.7,,
2024-05,2024,Mai,5,WZ08-B,Bergbau und Gewinnung von Steinen und Erden,,1.0,,,2280.0,
2024-05,2024,Mai,5,WZ08-C,Verarbeitendes Gewerbe,129.0,18.0,147.0,14.0,220606.0,0.0585
2024-05,2024,Mai,5,WZ08-D,Energieversorgung,1.0,,,,76684.0,0.0013
2024-05,2024,Mai,5,WZ08-E,"Wasserversorg.,Entsorg.,Beseitig.v.Umweltverschm.",3.0,,,,13368.0,0.0224
2024-05,2024,Mai,5,WZ08-F,Baugewerbe,245.0,85.0,330.0,34.7,396328.0,0.0618
2024-05,2024,Mai,5,WZ08-G,"Handel, Instandhaltung und Reparatur von Kfz",220.0,74.0,294.0,33.6,659860.0,0.0333
2024-05,2024,Mai,5,WZ08-H,Verkehr und Lagerei,99.0,31.0,130.0,31.3,121475.0,0.0815
2024-05,2024,Mai,5,WZ08-I,Gastgewerbe,128.0,45.0,173.0,35.2,261672.0,0.0489
2024-05,2024,Mai,5,WZ08-J,Information und Kommunikation,41.0,22.0,63.0,53.7,155067.0,0.0264
2024-05,2024,Mai,5,WZ08-K,Erbringung v. Finanz- u. Versicherungsdienstleist.,32.0,13.0,45.0,40.6,95842.0,0.0334
2024-05,2024,Mai,5,WZ08-L,Grundstücks- und Wohnungswesen,94.0,25.0,119.0,26.6,246287.0,0.0382
2024-05,2024,Mai,5,WZ08-M,"Freiberufliche, wiss. u. techn. Dienstleistungen",121.0,66.0,187.0,54.5,553376.0,0.0219
2024-05,2024,Mai,5,WZ08-N,Sonstige wirtschaftliche Dienstleistungen,148.0,61.0,209.0,41.2,270471.0,0.0547
2024-05,2024,Mai,5,WZ08-O,"Öff. Verwaltung, Verteidigung, Sozialversicherung",,,,,,
2024-05,2024,Mai,5,WZ08-P,Erziehung und Unterricht,22.0,3.0,25.0,13.6,104133.0,0.0211
2024-05,2024,Mai,5,WZ08-Q,Gesundheits- und Sozialwesen,61.0,7.0,68.0,11.5,295508.0,0.0206
2024-05,2024,Mai,5,WZ08-R,"Kunst, Unterhaltung und Erholung",42.0,11.0,53.0,26.2,121124.0,0.0347
2024-05,2024,Mai,5,WZ08-S,Erbringung von sonstigen Dienstleistungen,56.0,23.0,79.0,41.1,249974.0,0.0224
2024-06,2024,Juni,6,WZ08-A,"Land- und Forstwirtschaft, Fischerei",2.0,1.0,3.0,50.0,,
2024-06,2024,Juni,6,WZ08-B,Bergbau und Gewinnung von Steinen und Erden,,,,,2280.0,
2024-06,2024,Juni,6,WZ08-C,Verarbeitendes Gewerbe,111.0,32.0,143.0,28.8,220606.0,0.0503
2024-06,2024,Juni,6,WZ08-D,Energieversorgung,,7.0,,,76684.0,
2024-06,2024,Juni,6,WZ08-E,"Wasserversorg.,Entsorg.,Beseitig.v.Umweltverschm.",1.0,2.0,3.0,200.0,13368.0,0.0075
2024-06,2024,Juni,6,WZ08-F,Baugewerbe,201.0,65.0,266.0,32.3,396328.0,0.0507
2024-06,2024,Juni,6,WZ08-G,"Handel, Instandhaltung und Reparatur von Kfz",185.0,84.0,269.0,45.4,659860.0,0.028
2024-06,2024,Juni,6,WZ08-H,Verkehr und Lagerei,72.0,24.0,96.0,33.3,121475.0,0.0593
2024-06,2024,Juni,6,WZ08-I,Gastgewerbe,109.0,42.0,151.0,38.5,261672.0,0.0417
2024-06,2024,Juni,6,WZ08-J,Information und Kommunikation,45.0,17.0,62.0,37.8,155067.0,0.029
2024-06,2024,Juni,6,WZ08-K,Erbringung v. Finanz- u. Versicherungsdienstleist.,25.0,19.0,44.0,76.0,95842.0,0.0261
2024-06,2024,Juni,6,WZ08-L,Grundstücks- und Wohnungswesen,65.0,28.0,93.0,43.1,246287.0,0.0264
2024-06,2024,Juni,6,WZ08-M,"Freiberufliche, wiss. u. techn. Dienstleistungen",109.0,73.0,182.0,67.0,553376.0,0.0197
2024-06,2024,Juni,6,WZ08-N,Sonstige wirtschaftliche Dienstleistungen,106.0,39.0,145.0,36.8,270471.0,0.0392
2024-06,2024,Juni,6,WZ08-O,"Öff. Verwaltung, Verteidigung, Sozialversicherung",,,,,,
2024-06,2024,Juni,6,WZ08-P,Erziehung und Unterricht,13.0,5.0,18.0,38.5,104133.0,0.0125
2024-06,2024,Juni,6,WZ08-Q,Gesundheits- und Sozialwesen,45.0,5.0,50.0,11.1,295508.0,0.0152
2024-06,2024,Juni,6,WZ08-R,"Kunst, Unterhaltung und Erholung",34.0,11.0,45.0,32.4,121124.0,0.0281
2024-06,2024,Juni,6,WZ08-S,Erbringung von sonstigen Dienstleistungen,56.0,20.0,76.0,35.7,249974.0,0.0224
2024-07,2024,Juli,7,WZ08-A,"Land- und Forstwirtschaft, Fischerei",8.0,1.0,9.0,12.5,,
2024-07,2024,Juli,7,WZ08-B,Bergbau und Gewinnung von Steinen und Erden,1.0,,,,2280.0,0.0439
2024-07,2024,Juli,7,WZ08-C,Verarbeitendes Gewerbe,126.0,23.0,149.0,18.3,220606.0,0.0571
2024-07,2024,Juli,7,WZ08-D,Energieversorgung,4.0,8.0,12.0,200.0,76684.0,0.0052
2024-07,2024,Juli,7,WZ08-E,"Wasserversorg.,Entsorg.,Beseitig.v.Umweltverschm.",1.0,4.0,5.0,400.0,13368.0,0.0075
2024-07,2024,Juli,7,WZ08-F,Baugewerbe,243.0,88.0,331.0,36.2,396328.0,0.0613
2024-07,2024,Juli,7,WZ08-G,"Handel, Instandhaltung und Reparatur von Kfz",199.0,94.0,293.0,47.2,659860.0,0.0302
2024-07,2024,Juli,7,WZ08-H,Verkehr und Lagerei,89.0,26.0,115.0,29.2,121475.0,0.0733
2024-07,2024,Juli,7,WZ08-I,Gastgewerbe,125.0,45.0,170.0,36.0,261672.0,0.0478
2024-07,2024,Juli,7,WZ08-J,Information und Kommunikation,68.0,24.0,92.0,35.3,155067.0,0.0439
2024-07,2024,Juli,7,WZ08-K,Erbringung v. Finanz- u. Versicherungsdienstleist.,33.0,22.0,55.0,66.7,95842.0,0.0344
2024-07,2024,Juli,7,WZ08-L,Grundstücks- und Wohnungswesen,73.0,34.0,107.0,46.6,246287.0,0.0296
2024-07,2024,Juli,7,WZ08-M,"Freiberufliche, wiss. u. techn. Dienstleistungen",135.0,78.0,213.0,57.8,553376.0,0.0244
2024-07,2024,Juli,7,WZ08-N,Sonstige wirtschaftliche Dienstleistungen,121.0,61.0,182.0,50.4,270471.0,0.0447
2024-07,2024,Juli,7,WZ08-O,"Öff. Verwaltung, Verteidigung, Sozialversicherung",,,,,,
2024-07,2024,Juli,7,WZ08-P,Erziehung und Unterricht,25.0,11.0,36.0,44.0,104133.0,0.024
2024-07,2024,Juli,7,WZ08-Q,Gesundheits- und Sozialwesen,46.0,11.0,57.0,23.9,295508.0,0.0156
2024-07,2024,Juli,7,WZ08-R,"Kunst, Unterhaltung und Erholung",30.0,8.0,38.0,26.7,121124.0,0.0248
2024-07,2024,Juli,7,WZ08-S,Erbringung von sonstigen Dienstleistungen,52.0,20.0,72.0,38.5,249974.0,0.0208
2024-08,2024,August,8,WZ08-A,"Land- und Forstwirtschaft, Fischerei",2.0,1.0,3.0,50.0,,
2024-08,2024,August,8,WZ08-B,Bergbau und Gewinnung von Steinen und Erden,,,,,2280.0,
2024-08,2024,August,8,WZ08-C,Verarbeitendes Gewerbe,115.0,14.0,129.0,12.2,220606.0,0.0521
2024-08,2024,August,8,WZ08-D,Energieversorgung,5.0,14.0,19.0,280.0,76684.0,0.0065
2024-08,2024,August,8,WZ08-E,"Wasserversorg.,Entsorg.,Beseitig.v.Umweltverschm.",2.0,1.0,3.0,50.0,13368.0,0.015
2024-08,2024,August,8,WZ08-F,Baugewerbe,202.0,79.0,281.0,39.1,396328.0,0.051
2024-08,2024,August,8,WZ08-G,"Handel, Instandhaltung und Reparatur von Kfz",205.0,95.0,300.0,46.3,659860.0,0.0311
2024-08,2024,August,8,WZ08-H,Verkehr und Lagerei,65.0,33.0,98.0,50.8,121475.0,0.0535
2024-08,2024,August,8,WZ08-I,Gastgewerbe,130.0,54.0,184.0,41.5,261672.0,0.0497
2024-08,2024,August,8,WZ08-J,Information und Kommunikation,40.0,20.0,60.0,50.0,155067.0,0.0258
2024-08,2024,August,8,WZ08-K,Erbringung v. Finanz- u. Versicherungsdienstleist.,25.0,15.0,40.0,60.0,95842.0,0.0261
2024-08,2024,August,8,WZ08-L,Grundstücks- und Wohnungswesen,66.0,23.0,89.0,34.8,246287.0,0.0268
2024-08,2024,August,8,WZ08-M,"Freiberufliche, wiss. u. techn. Dienstleistungen",126.0,84.0,210.0,66.7,553376.0,0.0228
2024-08,2024,August,8,WZ08-N,Sonstige wirtschaftliche Dienstleistungen,114.0,55.0,169.0,48.2,270471.0,0.0421
2024-08,2024,August,8,WZ08-O,"Öff. Verwaltung, Verteidigung, Sozialversicherung",,,,,,
2024-08,2024,August,8,WZ08-P,Erziehung und Unterricht,16.0,7.0,23.0,43.8,104133.0,0.0154
2024-08,2024,August,8,WZ08-Q,Gesundheits- und Sozialwesen,51.0,6.0,57.0,11.8,295508.0,0.0173
2024-08,2024,August,8,WZ08-R,"Kunst, Unterhaltung und Erholung",26.0,12.0,38.0,46.2,121124.0,0.0215
2024-08,2024,August,8,WZ08-S,Erbringung von sonstigen Dienstleistungen,47.0,14.0,61.0,29.8,249974.0,0.0188
2024-09,2024,September,9,WZ08-A,"Land- und Forstwirtschaft, Fischerei",10.0,2.0,12.0,20.0,,
2024-09,2024,September,9,WZ08-B,Bergbau und Gewinnung von Steinen und Erden,,,,,2280.0,
2024-09,2024,September,9,WZ08-C,Verarbeitendes Gewerbe,111.0,19.0,130.0,17.1,220606.0,0.0503
2024-09,2024,September,9,WZ08-D,Energieversorgung,6.0,,,,76684.0,0.0078
2024-09,2024,September,9,WZ08-E,"Wasserversorg.,Entsorg.,Beseitig.v.Umweltverschm.",4.0,,,,13368.0,0.0299
2024-09,2024,September,9,WZ08-F,Baugewerbe,227.0,96.0,323.0,42.3,396328.0,0.0573
2024-09,2024,September,9,WZ08-G,"Handel, Instandhaltung und Reparatur von Kfz",203.0,73.0,276.0,36.0,659860.0,0.0308
2024-09,2024,September,9,WZ08-H,Verkehr und Lagerei,69.0,42.0,111.0,60.9,121475.0,0.0568
2024-09,2024,September,9,WZ08-I,Gastgewerbe,125.0,54.0,179.0,43.2,261672.0,0.0478
2024-09,2024,September,9,WZ08-J,Information und Kommunikation,55.0,26.0,81.0,47.3,155067.0,0.0355
2024-09,2024,September,9,WZ08-K,Erbringung v. Finanz- u. Versicherungsdienstleist.,31.0,23.0,54.0,74.2,95842.0,0.0323
2024-09,2024,September,9,WZ08-L,Grundstücks- und Wohnungswesen,63.0,30.0,93.0,47.6,246287.0,0.0256
2024-09,2024,September,9,WZ08-M,"Freiberufliche, wiss. u. techn. Dienstleistungen",108.0,80.0,188.0,74.1,553376.0,0.0195
2024-09,2024,September,9,WZ08-N,Sonstige wirtschaftliche Dienstleistungen,114.0,64.0,178.0,56.1,270471.0,0.0421
2024-09,2024,September,9,WZ08-O,"Öff. Verwaltung, Verteidigung, Sozialversicherung",,,,,,
2024-09,2024,September,9,WZ08-P,Erziehung und Unterricht,14.0,6.0,20.0,42.9,104133.0,0.0134
2024-09,2024,September,9,WZ08-Q,Gesundheits- und Sozialwesen,50.0,5.0,55.0,10.0,295508.0,0.0169
2024-09,2024,September,9,WZ08-R,"Kunst, Unterhaltung und Erholung",20.0,9.0,29.0,45.0,121124.0,0.0165
2024-09,2024,September,9,WZ08-S,Erbringung von sonstigen Dienstleistungen,63.0,17.0,80.0,27.0,249974.0,0.0252
2024-10,2024,Oktober,10,WZ08-A,"Land- und Forstwirtschaft, Fischerei",5.0,,,,,
2024-10,2024,Oktober,10,WZ08-B,Bergbau und Gewinnung von Steinen und Erden,,,,,2280.0,
2024-10,2024,Oktober,10,WZ08-C,Verarbeitendes Gewerbe,119.0,16.0,135.0,13.4,220606.0,0.0539
2024-10,2024,Oktober,10,WZ08-D,Energieversorgung,4.0,4.0,8.0,100.0,76684.0,0.0052
2024-10,2024,Oktober,10,WZ08-E,"Wasserversorg.,Entsorg.,Beseitig.v.Umweltverschm.",6.0,2.0,8.0,33.3,13368.0,0.0449
2024-10,2024,Oktober,10,WZ08-F,Baugewerbe,230.0,115.0,345.0,50.0,396328.0,0.058
2024-10,2024,Oktober,10,WZ08-G,"Handel, Instandhaltung und Reparatur von Kfz",239.0,85.0,324.0,35.6,659860.0,0.0362
2024-10,2024,Oktober,10,WZ08-H,Verkehr und Lagerei,89.0,34.0,123.0,38.2,121475.0,0.0733
2024-10,2024,Oktober,10,WZ08-I,Gastgewerbe,130.0,55.0,185.0,42.3,261672.0,0.0497
2024-10,2024,Oktober,10,WZ08-J,Information und Kommunikation,61.0,17.0,78.0,27.9,155067.0,0.0393
2024-10,2024,Oktober,10,WZ08-K,Erbringung v. Finanz- u. Versicherungsdienstleist.,25.0,28.0,53.0,112.0,95842.0,0.0261
2024-10,2024,Oktober,10,WZ08-L,Grundstücks- und Wohnungswesen,59.0,31.0,90.0,52.5,246287.0,0.024
2024-10,2024,Oktober,10,WZ08-M,"Freiberufliche, wiss. u. techn. Dienstleistungen",198.0,83.0,281.0,41.9,553376.0,0.0358
2024-10,2024,Oktober,10,WZ08-N,Sonstige wirtschaftliche Dienstleistungen,122.0,63.0,185.0,51.6,270471.0,0.0451
2024-10,2024,Oktober,10,WZ08-O,"Öff. Verwaltung, Verteidigung, Sozialversicherung",,,,,,
2024-10,2024,Oktober,10,WZ08-P,Erziehung und Unterricht,24.0,6.0,30.0,25.0,104133.0,0.023
2024-10,2024,Oktober,10,WZ08-Q,Gesundheits- und Sozialwesen,56.0,8.0,64.0,14.3,295508.0,0.019
2024-10,2024,Oktober,10,WZ08-R,"Kunst, Unterhaltung und Erholung",31.0,14.0,45.0,45.2,121124.0,0.0256
2024-10,2024,Oktober,10,WZ08-S,Erbringung von sonstigen Dienstleistungen,33.0,20.0,53.0,60.6,249974.0,0.0132
2024-11,2024,November,11,WZ08-A,"Land- und Forstwirtschaft, Fischerei",3.0,2.0,5.0,66.7,,
2024-11,2024,November,11,WZ08-B,Bergbau und Gewinnung von Steinen und Erden,1.0,,,,2280.0,0.0439
2024-11,2024,November,11,WZ08-C,Verarbeitendes Gewerbe,126.0,17.0,143.0,13.5,220606.0,0.0571
2024-11,2024,November,11,WZ08-D,Energieversorgung,4.0,1.0,5.0,25.0,76684.0,0.0052
2024-11,2024,November,11,WZ08-E,"Wasserversorg.,Entsorg.,Beseitig.v.Umweltverschm.",3.0,1.0,4.0,33.3,13368.0,0.0224
2024-11,2024,November,11,WZ08-F,Baugewerbe,201.0,88.0,289.0,43.8,396328.0,0.0507
2024-11,2024,November,11,WZ08-G,"Handel, Instandhaltung und Reparatur von Kfz",188.0,76.0,264.0,40.4,659860.0,0.0285
2024-11,2024,November,11,WZ08-H,Verkehr und Lagerei,71.0,25.0,96.0,35.2,121475.0,0.0584
2024-11,2024,November,11,WZ08-I,Gastgewerbe,121.0,42.0,163.0,34.7,261672.0,0.0462
2024-11,2024,November,11,WZ08-J,Information und Kommunikation,50.0,26.0,76.0,52.0,155067.0,0.0322
2024-11,2024,November,11,WZ08-K,Erbringung v. Finanz- u. Versicherungsdienstleist.,32.0,11.0,43.0,34.4,95842.0,0.0334
2024-11,2024,November,11,WZ08-L,Grundstücks- und Wohnungswesen,66.0,45.0,111.0,68.2,246287.0,0.0268
2024-11,2024,November,11,WZ08-M,"Freiberufliche, wiss. u. techn. Dienstleistungen",131.0,108.0,239.0,82.4,553376.0,0.0237
2024-11,2024,November,11,WZ08-N,Sonstige wirtschaftliche Dienstleistungen,116.0,58.0,174.0,50.0,270471.0,0.0429
2024-11,2024,November,11,WZ08-O,"Öff. Verwaltung, Verteidigung, Sozialversicherung",,,,,,
2024-11,2024,November,11,WZ08-P,Erziehung und Unterricht,19.0,4.0,23.0,21.1,104133.0,0.0182
2024-11,2024,November,11,WZ08-Q,Gesundheits- und Sozialwesen,41.0,7.0,48.0,17.1,295508.0,0.0139
2024-11,2024,November,11,WZ08-R,"Kunst, Unterhaltung und Erholung",26.0,12.0,38.0,46.2,121124.0,0.0215
2024-11,2024,November,11,WZ08-S,Erbringung von sonstigen Dienstleistungen,46.0,19.0,65.0,41.3,249974.0,0.0184
2024-12,2024,Dezember,12,WZ08-A,"Land- und Forstwirtschaft, Fischerei",6.0,1.0,7.0,16.7,,
2024-12,2024,Dezember,12,WZ08-B,Bergbau und Gewinnung von Steinen und Erden,1.0,,,,2280.0,0.0439
2024-12,2024,Dezember,12,WZ08-C,Verarbeitendes Gewerbe,129.0,26.0,155.0,20.2,220606.0,0.0585
2024-12,2024,Dezember,12,WZ08-D,Energieversorgung,2.0,2.0,4.0,100.0,76684.0,0.0026
2024-12,2024,Dezember,12,WZ08-E,"Wasserversorg.,Entsorg.,Beseitig.v.Umweltverschm.",4.0,5.0,9.0,125.0,13368.0,0.0299
2024-12,2024,Dezember,12,WZ08-F,Baugewerbe,191.0,99.0,290.0,51.8,396328.0,0.0482
2024-12,2024,Dezember,12,WZ08-G,"Handel, Instandhaltung und Reparatur von Kfz",187.0,77.0,264.0,41.2,659860.0,0.0283
2024-12,2024,Dezember,12,WZ08-H,Verkehr und Lagerei,74.0,31.0,105.0,41.9,121475.0,0.0609
2024-12,2024,Dezember,12,WZ08-I,Gastgewerbe,124.0,50.0,174.0,40.3,261672.0,0.0474
2024-12,2024,Dezember,12,WZ08-J,Information und Kommunikation,51.0,23.0,74.0,45.1,155067.0,0.0329
2024-12,2024,Dezember,12,WZ08-K,Erbringung v. Finanz- u. Versicherungsdienstleist.,22.0,13.0,35.0,59.1,95842.0,0.023
2024-12,2024,Dezember,12,WZ08-L,Grundstücks- und Wohnungswesen,60.0,30.0,90.0,50.0,246287.0,0.0244
2024-12,2024,Dezember,12,WZ08-M,"Freiberufliche, wiss. u. techn. Dienstleistungen",147.0,74.0,221.0,50.3,553376.0,0.0266
2024-12,2024,Dezember,12,WZ08-N,Sonstige wirtschaftliche Dienstleistungen,124.0,48.0,172.0,38.7,270471.0,0.0458
2024-12,2024,Dezember,12,WZ08-O,"Öff. Verwaltung, Verteidigung, Sozialversicherung",,,,,,
2024-12,2024,Dezember,12,WZ08-P,Erziehung und Unterricht,22.0,5.0,27.0,22.7,104133.0,0.0211
2024-12,2024,Dezember,12,WZ08-Q,Gesundheits- und Sozialwesen,48.0,10.0,58.0,20.8,295508.0,0.0162
2024-12,2024,Dezember,12,WZ08-R,"Kunst, Unterhaltung und Erholung",27.0,8.0,35.0,29.6,121124.0,0.0223
2024-12,2024,Dezember,12,WZ08-S,Erbringung von sonstigen Dienstleistungen,57.0,13.0,70.0,22.8,249974.0,0.0228
2025-01,2025,Januar,1,WZ08-A,"Land- und Forstwirtschaft, Fischerei",8.0,,,,,
2025-01,2025,Januar,1,WZ08-B,Bergbau und Gewinnung von Steinen und Erden,,,,,,
2025-01,2025,Januar,1,WZ08-C,Verarbeitendes Gewerbe,124.0,27.0,151.0,21.8,,
2025-01,2025,Januar,1,WZ08-D,Energieversorgung,2.0,3.0,5.0,150.0,,
2025-01,2025,Januar,1,WZ08-E,"Wasserversorg.,Entsorg.,Beseitig.v.Umweltverschm.",2.0,1.0,3.0,50.0,,
2025-01,2025,Januar,1,WZ08-F,Baugewerbe,212.0,96.0,308.0,45.3,,
2025-01,2025,Januar,1,WZ08-G,"Handel, Instandhaltung und Reparatur von Kfz",215.0,86.0,301.0,40.0,,
2025-01,2025,Januar,1,WZ08-H,Verkehr und Lagerei,66.0,32.0,98.0,48.5,,
2025-01,2025,Januar,1,WZ08-I,Gastgewerbe,129.0,52.0,181.0,40.3,,
2025-01,2025,Januar,1,WZ08-J,Information und Kommunikation,51.0,22.0,73.0,43.1,,
2025-01,2025,Januar,1,WZ08-K,Erbringung v. Finanz- u. Versicherungsdienstleist.,22.0,25.0,47.0,113.6,,
2025-01,2025,Januar,1,WZ08-L,Grundstücks- und Wohnungswesen,51.0,27.0,78.0,52.9,,
2025-01,2025,Januar,1,WZ08-M,"Freiberufliche, wiss. u. techn. Dienstleistungen",128.0,89.0,217.0,69.5,,
2025-01,2025,Januar,1,WZ08-N,Sonstige wirtschaftliche Dienstleistungen,119.0,70.0,189.0,58.8,,
2025-01,2025,Januar,1,WZ08-O,"Öff. Verwaltung, Verteidigung, Sozialversicherung",,,,,,
2025-01,2025,Januar,1,WZ08-P,Erziehung und Unterricht,13.0,2.0,15.0,15.4,,
2025-01,2025,Januar,1,WZ08-Q,Gesundheits- und Sozialwesen,44.0,10.0,54.0,22.7,,
2025-01,2025,Januar,1,WZ08-R,"Kunst, Unterhaltung und Erholung",27.0,12.0,39.0,44.4,,
2025-01,2025,Januar,1,WZ08-S,Erbringung von sonstigen Dienstleistungen,43.0,20.0,63.0,46.5,,
2025-02,2025,Februar,2,WZ08-A,"Land- und Forstwirtschaft, Fischerei",10.0,,,,,
2025-02,2025,Februar,2,WZ08-B,Bergbau und Gewinnung von Steinen und Erden,,,,,,
2025-02,2025,Februar,2,WZ08-C,Verarbeitendes Gewerbe,151.0,28.0,179.0,18.5,,
2025-02,2025,Februar,2,WZ08-D,Energieversorgung,11.0,1.0,12.0,9.1,,
2025-02,2025,Februar,2,WZ08-E,"Wasserversorg.,Entsorg.,Beseitig.v.Umweltverschm.",1.0,,,,,
2025-02,2025,Februar,2,WZ08-F,Baugewerbe,227.0,119.0,346.0,52.4,,
2025-02,2025,Februar,2,WZ08-G,"Handel, Instandhaltung und Reparatur von Kfz",234.0,98.0,332.0,41.9,,
2025-02,2025,Februar,2,WZ08-H,Verkehr und Lagerei,79.0,28.0,107.0,35.4,,
2025-02,2025,Februar,2,WZ08-I,Gastgewerbe,155.0,58.0,213.0,37.4,,
2025-02,2025,Februar,2,WZ08-J,Information und Kommunikation,50.0,32.0,82.0,64.0,,
2025-02,2025,Februar,2,WZ08-K,Erbringung v. Finanz- u. Versicherungsdienstleist.,19.0,27.0,46.0,142.1,,
2025-02,2025,Februar,2,WZ08-L,Grundstücks- und Wohnungswesen,61.0,31.0,92.0,50.8,,
2025-02,2025,Februar,2,WZ08-M,"Freiberufliche, wiss. u. techn. Dienstleistungen",150.0,78.0,228.0,52.0,,
2025-02,2025,Februar,2,WZ08-N,Sonstige wirtschaftliche Dienstleistungen,153.0,69.0,222.0,45.1,,
2025-02,2025,Februar,2,WZ08-O,"Öff. Verwaltung, Verteidigung, Sozialversicherung",,,,,,
2025-02,2025,Februar,2,WZ08-P,Erziehung und Unterricht,18.0,10.0,28.0,55.6,,
2025-02,2025,Februar,2,WZ08-Q,Gesundheits- und Sozialwesen,47.0,5.0,52.0,10.6,,
2025-02,2025,Februar,2,WZ08-R,"Kunst, Unterhaltung und Erholung",19.0,8.0,27.0,42.1,,
2025-02,2025,Februar,2,WZ08-S,Erbringung von sonstigen Dienstleistungen,67.0,24.0,91.0,35.8,,
2025-03,2025,März,3,WZ08-A,"Land- und Forstwirtschaft, Fischerei",6.0,1.0,7.0,16.7,,
2025-03,2025,März,3,WZ08-B,Bergbau und Gewinnung von Steinen und Erden,,,,,,
2025-03,2025,März,3,WZ08-C,Verarbeitendes Gewerbe,137.0,28.0,165.0,20.4,,
2025-03,2025,März,3,WZ08-D,Energieversorgung,1.0,2.0,3.0,200.0,,
2025-03,2025,März,3,WZ08-E,"Wasserversorg.,Entsorg.,Beseitig.v.Umweltverschm.",,1.0,,,,
2025-03,2025,März,3,WZ08-F,Baugewerbe,230.0,105.0,335.0,45.7,,
2025-03,2025,März,3,WZ08-G,"Handel, Instandhaltung und Reparatur von Kfz",231.0,97.0,328.0,42.0,,
2025-03,2025,März,3,WZ08-H,Verkehr und Lagerei,80.0,28.0,108.0,35.0,,
2025-03,2025,März,3,WZ08-I,Gastgewerbe,148.0,48.0,196.0,32.4,,
2025-03,2025,März,3,WZ08-J,Information und Kommunikation,51.0,20.0,71.0,39.2,,
2025-03,2025,März,3,WZ08-K,Erbringung v. Finanz- u. Versicherungsdienstleist.,27.0,29.0,56.0,107.4,,
2025-03,2025,März,3,WZ08-L,Grundstücks- und Wohnungswesen,66.0,30.0,96.0,45.5,,
2025-03,2025,März,3,WZ08-M,"Freiberufliche, wiss. u. techn. Dienstleistungen",155.0,79.0,234.0,51.0,,
2025-03,2025,März,3,WZ08-N,Sonstige wirtschaftliche Dienstleistungen,158.0,55.0,213.0,34.8,,
2025-03,2025,März,3,WZ08-O,"Öff. Verwaltung, Verteidigung, Sozialversicherung",,,,,,
2025-03,2025,März,3,WZ08-P,Erziehung und Unterricht,22.0,4.0,26.0,18.2,,
2025-03,2025,März,3,WZ08-Q,Gesundheits- und Sozialwesen,41.0,16.0,57.0,39.0,,
2025-03,2025,März,3,WZ08-R,"Kunst, Unterhaltung und Erholung",24.0,12.0,36.0,50.0,,
2025-03,2025,März,3,WZ08-S,Erbringung von sonstigen Dienstleistungen,49.0,12.0,61.0,24.5,,
2025-04,2025,April,4,WZ08-A,"Land- und Forstwirtschaft, Fischerei",7.0,5.0,12.0,71.4,,
2025-04,2025,April,4,WZ08-B,Bergbau und Gewinnung von Steinen und Erden,,,,,,
2025-04,2025,April,4,WZ08-C,Verarbeitendes Gewerbe,164.0,20.0,184.0,12.2,,
2025-04,2025,April,4,WZ08-D,Energieversorgung,6.0,,,,,
2025-04,2025,April,4,WZ08-E,"Wasserversorg.,Entsorg.,Beseitig.v.Umweltverschm.",1.0,1.0,2.0,100.0,,
2025-04,2025,April,4,WZ08-F,Baugewerbe,267.0,115.0,382.0,43.1,,
2025-04,2025,April,4,WZ08-G,"Handel, Instandhaltung und Reparatur von Kfz",217.0,99.0,316.0,45.6,,
2025-04,2025,April,4,WZ08-H,Verkehr und Lagerei,83.0,37.0,120.0,44.6,,
2025-04,2025,April,4,WZ08-I,Gastgewerbe,168.0,64.0,232.0,38.1,,
2025-04,2025,April,4,WZ08-J,Information und Kommunikation,53.0,22.0,75.0,41.5,,
2025-04,2025,April,4,WZ08-K,Erbringung v. Finanz- u. Versicherungsdienstleist.,26.0,27.0,53.0,103.8,,
2025-04,2025,April,4,WZ08-L,Grundstücks- und Wohnungswesen,56.0,49.0,105.0,87.5,,
2025-04,2025,April,4,WZ08-M,"Freiberufliche, wiss. u. techn. Dienstleistungen",144.0,99.0,243.0,68.8,,
2025-04,2025,April,4,WZ08-N,Sonstige wirtschaftliche Dienstleistungen,151.0,56.0,207.0,37.1,,
2025-04,2025,April,4,WZ08-O,"Öff. Verwaltung, Verteidigung, Sozialversicherung",,,,,,
2025-04,2025,April,4,WZ08-P,Erziehung und Unterricht,13.0,4.0,17.0,30.8,,
2025-04,2025,April,4,WZ08-Q,Gesundheits- und Sozialwesen,57.0,7.0,64.0,12.3,,
2025-04,2025,April,4,WZ08-R,"Kunst, Unterhaltung und Erholung",24.0,9.0,33.0,37.5,,
2025-04,2025,April,4,WZ08-S,Erbringung von sonstigen Dienstleistungen,51.0,23.0,74.0,45.1,,
2025-05,2025,Mai,5,WZ08-A,"Land- und Forstwirtschaft, Fischerei",12.0,2.0,14.0,16.7,,
2025-05,2025,Mai,5,WZ08-B,Bergbau und Gewinnung von Steinen und Erden,,1.0,,,,
2025-05,2025,Mai,5,WZ08-C,Verarbeitendes Gewerbe,127.0,21.0,148.0,16.5,,
2025-05,2025,Mai,5,WZ08-D,Energieversorgung,4.0,4.0,8.0,100.0,,
2025-05,2025,Mai,5,WZ08-E,"Wasserversorg.,Entsorg.,Beseitig.v.Umweltverschm.",2.0,2.0,4.0,100.0,,
2025-05,2025,Mai,5,WZ08-F,Baugewerbe,261.0,104.0,365.0,39.8,,
2025-05,2025,Mai,5,WZ08-G,"Handel, Instandhaltung und Reparatur von Kfz",200.0,102.0,302.0,51.0,,
2025-05,2025,Mai,5,WZ08-H,Verkehr und Lagerei,84.0,32.0,116.0,38.1,,
2025-05,2025,Mai,5,WZ08-I,Gastgewerbe,141.0,73.0,214.0,51.8,,
2025-05,2025,Mai,5,WZ08-J,Information und Kommunikation,58.0,34.0,92.0,58.6,,
2025-05,2025,Mai,5,WZ08-K,Erbringung v. Finanz- u. Versicherungsdienstleist.,21.0,22.0,43.0,104.8,,
2025-05,2025,Mai,5,WZ08-L,Grundstücks- und Wohnungswesen,48.0,35.0,83.0,72.9,,
2025-05,2025,Mai,5,WZ08-M,"Freiberufliche, wiss. u. techn. Dienstleistungen",135.0,84.0,219.0,62.2,,
2025-05,2025,Mai,5,WZ08-N,Sonstige wirtschaftliche Dienstleistungen,140.0,64.0,204.0,45.7,,
2025-05,2025,Mai,5,WZ08-O,"Öff. Verwaltung, Verteidigung, Sozialversicherung",,,,,,
2025-05,2025,Mai,5,WZ08-P,Erziehung und Unterricht,25.0,6.0,31.0,24.0,,
2025-05,2025,Mai,5,WZ08-Q,Gesundheits- und Sozialwesen,56.0,8.0,64.0,14.3,,
2025-05,2025,Mai,5,WZ08-R,"Kunst, Unterhaltung und Erholung",36.0,8.0,44.0,22.2,,
2025-05,2025,Mai,5,WZ08-S,Erbringung von sonstigen Dienstleistungen,59.0,25.0,84.0,42.4,,
2025-06,2025,Juni,6,WZ08-A,"Land- und Forstwirtschaft, Fischerei",6.0,1.0,7.0,16.7,,
2025-06,2025,Juni,6,WZ08-B,Bergbau und Gewinnung von Steinen und Erden,,,,,,
2025-06,2025,Juni,6,WZ08-C,Verarbeitendes Gewerbe,137.0,28.0,165.0,20.4,,
2025-06,2025,Juni,6,WZ08-D,Energieversorgung,2.0,1.0,3.0,50.0,,
2025-06,2025,Juni,6,WZ08-E,"Wasserversorg.,Entsorg.,Beseitig.v.Umweltverschm.",1.0,1.0,2.0,100.0,,
2025-06,2025,Juni,6,WZ08-F,Baugewerbe,202.0,96.0,298.0,47.5,,
2025-06,2025,Juni,6,WZ08-G,"Handel, Instandhaltung und Reparatur von Kfz",213.0,108.0,321.0,50.7,,
2025-06,2025,Juni,6,WZ08-H,Verkehr und Lagerei,102.0,36.0,138.0,35.3,,
2025-06,2025,Juni,6,WZ08-I,Gastgewerbe,163.0,53.0,216.0,32.5,,
2025-06,2025,Juni,6,WZ08-J,Information und Kommunikation,51.0,30.0,81.0,58.8,,
2025-06,2025,Juni,6,WZ08-K,Erbringung v. Finanz- u. Versicherungsdienstleist.,20.0,21.0,41.0,105.0,,
2025-06,2025,Juni,6,WZ08-L,Grundstücks- und Wohnungswesen,41.0,42.0,83.0,102.4,,
2025-06,2025,Juni,6,WZ08-M,"Freiberufliche, wiss. u. techn. Dienstleistungen",120.0,93.0,213.0,77.5,,
2025-06,2025,Juni,6,WZ08-N,Sonstige wirtschaftliche Dienstleistungen,128.0,60.0,188.0,46.9,,
2025-06,2025,Juni,6,WZ08-O,"Öff. Verwaltung, Verteidigung, Sozialversicherung",,,,,,
2025-06,2025,Juni,6,WZ08-P,Erziehung und Unterricht,19.0,3.0,22.0,15.8,,
2025-06,2025,Juni,6,WZ08-Q,Gesundheits- und Sozialwesen,55.0,10.0,65.0,18.2,,
2025-06,2025,Juni,6,WZ08-R,"Kunst, Unterhaltung und Erholung",30.0,12.0,42.0,40.0,,
2025-06,2025,Juni,6,WZ08-S,Erbringung von sonstigen Dienstleistungen,56.0,16.0,72.0,28.6,,
2025-07,2025,Juli,7,WZ08-A,"Land- und Forstwirtschaft, Fischerei",14.0,3.0,17.0,21.4,,
2025-07,2025,Juli,7,WZ08-B,Bergbau und Gewinnung von Steinen und Erden,1.0,,,,,
2025-07,2025,Juli,7,WZ08-C,Verarbeitendes Gewerbe,118.0,30.0,148.0,25.4,,
2025-07,2025,Juli,7,WZ08-D,Energieversorgung,2.0,1.0,3.0,50.0,,
2025-07,2025,Juli,7,WZ08-E,"Wasserversorg.,Entsorg.,Beseitig.v.Umweltverschm.",2.0,1.0,3.0,50.0,,
2025-07,2025,Juli,7,WZ08-F,Baugewerbe,234.0,129.0,363.0,55.1,,
2025-07,2025,Juli,7,WZ08-G,"Handel, Instandhaltung und Reparatur von Kfz",242.0,119.0,361.0,49.2,,
2025-07,2025,Juli,7,WZ08-H,Verkehr und Lagerei,97.0,38.0,135.0,39.2,,
2025-07,2025,Juli,7,WZ08-I,Gastgewerbe,164.0,72.0,236.0,43.9,,
2025-07,2025,Juli,7,WZ08-J,Information und Kommunikation,42.0,34.0,76.0,81.0,,
2025-07,2025,Juli,7,WZ08-K,Erbringung v. Finanz- u. Versicherungsdienstleist.,36.0,28.0,64.0,77.8,,
2025-07,2025,Juli,7,WZ08-L,Grundstücks- und Wohnungswesen,76.0,27.0,103.0,35.5,,
2025-07,2025,Juli,7,WZ08-M,"Freiberufliche, wiss. u. techn. Dienstleistungen",152.0,98.0,250.0,64.5,,
2025-07,2025,Juli,7,WZ08-N,Sonstige wirtschaftliche Dienstleistungen,158.0,79.0,237.0,50.0,,
2025-07,2025,Juli,7,WZ08-O,"Öff. Verwaltung, Verteidigung, Sozialversicherung",,,,,,
2025-07,2025,Juli,7,WZ08-P,Erziehung und Unterricht,20.0,9.0,29.0,45.0,,
2025-07,2025,Juli,7,WZ08-Q,Gesundheits- und Sozialwesen,44.0,12.0,56.0,27.3,,
2025-07,2025,Juli,7,WZ08-R,"Kunst, Unterhaltung und Erholung",33.0,14.0,47.0,42.4,,
2025-07,2025,Juli,7,WZ08-S,Erbringung von sonstigen Dienstleistungen,47.0,21.0,68.0,44.7,,
2025-08,2025,August,8,WZ08-A,"Land- und Forstwirtschaft, Fischerei",7.0,2.0,9.0,28.6,,
2025-08,2025,August,8,WZ08-B,Bergbau und Gewinnung von Steinen und Erden,,,,,,
2025-08,2025,August,8,WZ08-C,Verarbeitendes Gewerbe,139.0,24.0,163.0,17.3,,
2025-08,2025,August,8,WZ08-D,Energieversorgung,9.0,,,,,
2025-08,2025,August,8,WZ08-E,"Wasserversorg.,Entsorg.,Beseitig.v.Umweltverschm.",4.0,1.0,5.0,25.0,,
2025-08,2025,August,8,WZ08-F,Baugewerbe,229.0,118.0,347.0,51.5,,
2025-08,2025,August,8,WZ08-G,"Handel, Instandhaltung und Reparatur von Kfz",201.0,110.0,311.0,54.7,,
2025-08,2025,August,8,WZ08-H,Verkehr und Lagerei,78.0,30.0,108.0,38.5,,
2025-08,2025,August,8,WZ08-I,Gastgewerbe,135.0,60.0,195.0,44.4,,
2025-08,2025,August,8,WZ08-J,Information und Kommunikation,60.0,21.0,81.0,35.0,,
2025-08,2025,August,8,WZ08-K,Erbringung v. Finanz- u. Versicherungsdienstleist.,24.0,28.0,52.0,116.7,,
2025-08,2025,August,8,WZ08-L,Grundstücks- und Wohnungswesen,55.0,39.0,94.0,70.9,,
2025-08,2025,August,8,WZ08-M,"Freiberufliche, wiss. u. techn. Dienstleistungen",141.0,97.0,238.0,68.8,,
2025-08,2025,August,8,WZ08-N,Sonstige wirtschaftliche Dienstleistungen,117.0,65.0,182.0,55.6,,
2025-08,2025,August,8,WZ08-O,"Öff. Verwaltung, Verteidigung, Sozialversicherung",,,,,,
2025-08,2025,August,8,WZ08-P,Erziehung und Unterricht,18.0,7.0,25.0,38.9,,
2025-08,2025,August,8,WZ08-Q,Gesundheits- und Sozialwesen,42.0,10.0,52.0,23.8,,
2025-08,2025,August,8,WZ08-R,"Kunst, Unterhaltung und Erholung",30.0,9.0,39.0,30.0,,
2025-08,2025,August,8,WZ08-S,Erbringung von sonstigen Dienstleistungen,47.0,22.0,69.0,46.8,,
2025-09,2025,September,9,WZ08-A,"Land- und Forstwirtschaft, Fischerei",7.0,2.0,9.0,28.6,,
2025-09,2025,September,9,WZ08-B,Bergbau und Gewinnung von Steinen und Erden,,,,,,
2025-09,2025,September,9,WZ08-C,Verarbeitendes Gewerbe,125.0,16.0,141.0,12.8,,
2025-09,2025,September,9,WZ08-D,Energieversorgung,4.0,1.0,5.0,25.0,,
2025-09,2025,September,9,WZ08-E,"Wasserversorg.,Entsorg.,Beseitig.v.Umweltverschm.",1.0,,,,,
2025-09,2025,September,9,WZ08-F,Baugewerbe,230.0,114.0,344.0,49.6,,
2025-09,2025,September,9,WZ08-G,"Handel, Instandhaltung und Reparatur von Kfz",211.0,86.0,297.0,40.8,,
2025-09,2025,September,9,WZ08-H,Verkehr und Lagerei,74.0,40.0,114.0,54.1,,
2025-09,2025,September,9,WZ08-I,Gastgewerbe,152.0,57.0,209.0,37.5,,
2025-09,2025,September,9,WZ08-J,Information und Kommunikation,61.0,18.0,79.0,29.5,,
2025-09,2025,September,9,WZ08-K,Erbringung v. Finanz- u. Versicherungsdienstleist.,35.0,25.0,60.0,71.4,,
2025-09,2025,September,9,WZ08-L,Grundstücks- und Wohnungswesen,53.0,22.0,75.0,41.5,,
2025-09,2025,September,9,WZ08-M,"Freiberufliche, wiss. u. techn. Dienstleistungen",128.0,92.0,220.0,71.9,,
2025-09,2025,September,9,WZ08-N,Sonstige wirtschaftliche Dienstleistungen,133.0,75.0,208.0,56.4,,
2025-09,2025,September,9,WZ08-O,"Öff. Verwaltung, Verteidigung, Sozialversicherung",,,,,,
2025-09,2025,September,9,WZ08-P,Erziehung und Unterricht,24.0,5.0,29.0,20.8,,
2025-09,2025,September,9,WZ08-Q,Gesundheits- und Sozialwesen,35.0,3.0,38.0,8.6,,
2025-09,2025,September,9,WZ08-R,"Kunst, Unterhaltung und Erholung",33.0,11.0,44.0,33.3,,
2025-09,2025,September,9,WZ08-S,Erbringung von sonstigen Dienstleistungen,50.0,17.0,67.0,34.0,,
2025-10,2025,Oktober,10,WZ08-A,"Land- und Forstwirtschaft, Fischerei",11.0,3.0,14.0,27.3,,
2025-10,2025,Oktober,10,WZ08-B,Bergbau und Gewinnung von Steinen und Erden,,1.0,,,,
2025-10,2025,Oktober,10,WZ08-C,Verarbeitendes Gewerbe,145.0,23.0,168.0,15.9,,
2025-10,2025,Oktober,10,WZ08-D,Energieversorgung,8.0,3.0,11.0,37.5,,
2025-10,2025,Oktober,10,WZ08-E,"Wasserversorg.,Entsorg.,Beseitig.v.Umweltverschm.",7.0,,,,,
2025-10,2025,Oktober,10,WZ08-F,Baugewerbe,215.0,115.0,330.0,53.5,,
2025-10,2025,Oktober,10,WZ08-G,"Handel, Instandhaltung und Reparatur von Kfz",240.0,101.0,341.0,42.1,,
2025-10,2025,Oktober,10,WZ08-H,Verkehr und Lagerei,92.0,39.0,131.0,42.4,,
2025-10,2025,Oktober,10,WZ08-I,Gastgewerbe,180.0,69.0,249.0,38.3,,
2025-10,2025,Oktober,10,WZ08-J,Information und Kommunikation,63.0,27.0,90.0,42.9,,
2025-10,2025,Oktober,10,WZ08-K,Erbringung v. Finanz- u. Versicherungsdienstleist.,32.0,22.0,54.0,68.8,,
2025-10,2025,Oktober,10,WZ08-L,Grundstücks- und Wohnungswesen,41.0,46.0,87.0,112.2,,
2025-10,2025,Oktober,10,WZ08-M,"Freiberufliche, wiss. u. techn. Dienstleistungen",148.0,107.0,255.0,72.3,,
2025-10,2025,Oktober,10,WZ08-N,Sonstige wirtschaftliche Dienstleistungen,115.0,47.0,162.0,40.9,,
2025-10,2025,Oktober,10,WZ08-O,"Öff. Verwaltung, Verteidigung, Sozialversicherung",,,,,,
2025-10,2025,Oktober,10,WZ08-P,Erziehung und Unterricht,31.0,8.0,39.0,25.8,,
2025-10,2025,Oktober,10,WZ08-Q,Gesundheits- und Sozialwesen,41.0,13.0,54.0,31.7,,
2025-10,2025,Oktober,10,WZ08-R,"Kunst, Unterhaltung und Erholung",34.0,10.0,44.0,29.4,,
2025-10,2025,Oktober,10,WZ08-S,Erbringung von sonstigen Dienstleistungen,55.0,16.0,71.0,29.1,,
2025-11,2025,November,11,WZ08-A,"Land- und Forstwirtschaft, Fischerei",4.0,,,,,
2025-11,2025,November,11,WZ08-B,Bergbau und Gewinnung von Steinen und Erden,,,,,,
2025-11,2025,November,11,WZ08-C,Verarbeitendes Gewerbe,116.0,18.0,134.0,15.5,,
2025-11,2025,November,11,WZ08-D,Energieversorgung,8.0,3.0,11.0,37.5,,
2025-11,2025,November,11,WZ08-E,"Wasserversorg.,Entsorg.,Beseitig.v.Umweltverschm.",3.0,2.0,5.0,66.7,,
2025-11,2025,November,11,WZ08-F,Baugewerbe,209.0,106.0,315.0,50.7,,
2025-11,2025,November,11,WZ08-G,"Handel, Instandhaltung und Reparatur von Kfz",192.0,107.0,299.0,55.7,,
2025-11,2025,November,11,WZ08-H,Verkehr und Lagerei,85.0,32.0,117.0,37.6,,
2025-11,2025,November,11,WZ08-I,Gastgewerbe,131.0,42.0,173.0,32.1,,
2025-11,2025,November,11,WZ08-J,Information und Kommunikation,30.0,24.0,54.0,80.0,,
2025-11,2025,November,11,WZ08-K,Erbringung v. Finanz- u. Versicherungsdienstleist.,25.0,25.0,50.0,100.0,,
2025-11,2025,November,11,WZ08-L,Grundstücks- und Wohnungswesen,62.0,35.0,97.0,56.5,,
2025-11,2025,November,11,WZ08-M,"Freiberufliche, wiss. u. techn. Dienstleistungen",109.0,80.0,189.0,73.4,,
2025-11,2025,November,11,WZ08-N,Sonstige wirtschaftliche Dienstleistungen,117.0,68.0,185.0,58.1,,
2025-11,2025,November,11,WZ08-O,"Öff. Verwaltung, Verteidigung, Sozialversicherung",,,,,,
2025-11,2025,November,11,WZ08-P,Erziehung und Unterricht,13.0,2.0,15.0,15.4,,
2025-11,2025,November,11,WZ08-Q,Gesundheits- und Sozialwesen,35.0,10.0,45.0,28.6,,
2025-11,2025,November,11,WZ08-R,"Kunst, Unterhaltung und Erholung",30.0,7.0,37.0,23.3,,
2025-11,2025,November,11,WZ08-S,Erbringung von sonstigen Dienstleistungen,39.0,25.0,64.0,64.1,,
2025-12,2025,Dezember,12,WZ08-A,"Land- und Forstwirtschaft, Fischerei",4.0,2.0,6.0,50.0,,
2025-12,2025,Dezember,12,WZ08-B,Bergbau und Gewinnung von Steinen und Erden,,,,,,
2025-12,2025,Dezember,12,WZ08-C,Verarbeitendes Gewerbe,164.0,18.0,182.0,11.0,,
2025-12,2025,Dezember,12,WZ08-D,Energieversorgung,4.0,3.0,7.0,75.0,,
2025-12,2025,Dezember,12,WZ08-E,"Wasserversorg.,Entsorg.,Beseitig.v.Umweltverschm.",3.0,1.0,4.0,33.3,,
2025-12,2025,Dezember,12,WZ08-F,Baugewerbe,223.0,106.0,329.0,47.5,,
2025-12,2025,Dezember,12,WZ08-G,"Handel, Instandhaltung und Reparatur von Kfz",227.0,87.0,314.0,38.3,,
2025-12,2025,Dezember,12,WZ08-H,Verkehr und Lagerei,85.0,38.0,123.0,44.7,,
2025-12,2025,Dezember,12,WZ08-I,Gastgewerbe,173.0,76.0,249.0,43.9,,
2025-12,2025,Dezember,12,WZ08-J,Information und Kommunikation,46.0,24.0,70.0,52.2,,
2025-12,2025,Dezember,12,WZ08-K,Erbringung v. Finanz- u. Versicherungsdienstleist.,28.0,14.0,42.0,50.0,,
2025-12,2025,Dezember,12,WZ08-L,Grundstücks- und Wohnungswesen,57.0,45.0,102.0,78.9,,
2025-12,2025,Dezember,12,WZ08-M,"Freiberufliche, wiss. u. techn. Dienstleistungen",151.0,97.0,248.0,64.2,,
2025-12,2025,Dezember,12,WZ08-N,Sonstige wirtschaftliche Dienstleistungen,134.0,62.0,196.0,46.3,,
2025-12,2025,Dezember,12,WZ08-O,"Öff. Verwaltung, Verteidigung, Sozialversicherung",,,,,,
2025-12,2025,Dezember,12,WZ08-P,Erziehung und Unterricht,18.0,7.0,25.0,38.9,,
2025-12,2025,Dezember,12,WZ08-Q,Gesundheits- und Sozialwesen,43.0,3.0,46.0,7.0,,
2025-12,2025,Dezember,12,WZ08-R,"Kunst, Unterhaltung und Erholung",23.0,11.0,34.0,47.8,,
2025-12,2025,Dezember,12,WZ08-S,Erbringung von sonstigen Dienstleistungen,39.0,21.0,60.0,53.8,,
